name	Consortium20230721
MG642037_USA_1980	B.1
MG642047_USA_1980	B.1
MG642065_USA_1981	B.1
MG642078_USA_1982	B.1
MG642025_USA_1982	B.1
MG642044_USA_1982	B.1
MG642059_USA_1983	B.1
MG642045_USA_1979	B.1
MG642027_USA_1991	B.2
MG642054_USA_1991	B.2
MG642072_USA_1991	B.2
EPI-ISL-15771625_USA_1991	B.2
MG642036_USA_1989	B.2
MG642082_USA_1989	B.2
MG642066_USA_1990	B.2
MG642046_USA_1984	B.2
MG642043_USA_1982	B.2
MG642042_USA_1985	B.2
MG642057_USA_1984	B.2
MG642039_USA_1985	B.2
MG642051_USA_1986	B.2
MG642076_USA_1987	B.2
MG642068_USA_1987	B.2
EPI-ISL-15771618_USA_1995	B.3
MG642064_USA_1995	B.3
EPI-ISL-15771617_USA_1990	B.3
EPI-ISL-15771626_USA_1994	B.3
EPI-ISL-15771628_USA_1994	B.3
MG642062_USA_1996	B.3
EPI-ISL-15771621_USA_1992	B.3
MG642049_USA_1993	B.3
EPI-ISL-15820265_Canada_1995	B4
EPI-ISL-15771622_USA_1992	B4
EPI-ISL-15771630_USA_1994	B4
EPI-ISL-15751945_USA_2005	B.D
EPI-ISL-15751944_USA_2005	B.D
EPI-ISL-6494896_England_2008	B.D
MH594451_Kenya_2010	B.D
EPI-ISL-15751949_Kenya_2007	B.D
EPI-ISL-15751997_Brazil_2009	B.D
OK649721_Brazil_2009	B.D
OK649702_Brazil_2009	B.D
EPI-ISL-15751957_Brazil_2010	B.D
OK649707_Brazil_2009	B.D
EPI-ISL-15751950_Brazil_2010	B.D
EPI-ISL-15751954_Brazil_2010	B.D
OK649706_Brazil_2009	B.D
OK649711_Brazil_2009	B.D
EPI-ISL-15752003_Brazil_2008	B.D
OK649698_Brazil_2009	B.D
OK649713_Brazil_2009	B.D
OK649725_Brazil_2010	B.D
OK649709_Brazil_2009	B.D
EPI-ISL-15752001_Brazil_2009	B.D
MH594443_Kenya_2010	B.D
MH594444_Kenya_2010	B.D
MH594461_Kenya_2010	B.D
MH594454_Kenya_2010	B.D
MH594460_Kenya_2010	B.D
MH594457_Kenya_2010	B.D
MH594452_Kenya_2010	B.D
MH594429_Kenya_2010	B.D
MH594369_Kenya_2010	B.D
MH594370_Kenya_2010	B.D
MH594367_Kenya_2010	B.D
MH594352_Kenya_2010	B.D
MH594350_Kenya_2010	B.D
MH594414_Kenya_2010	B.D
MH594418_Kenya_2010	B.D
MH594410_Kenya_2010	B.D
MH594402_Kenya_2010	B.D
MH594435_Kenya_2010	B.D
MH594416_Kenya_2010	B.D
MH594409_Kenya_2010	B.D
MH594423_Kenya_2010	B.D
MH594415_Kenya_2010	B.D
MH594420_Kenya_2010	B.D
MH594413_Kenya_2010	B.D
MH594417_Kenya_2010	B.D
MH594404_Kenya_2010	B.D
MH594407_Kenya_2010	B.D
MH594381_Kenya_2010	B.D
MH594386_Kenya_2010	B.D
MH594383_Kenya_2010	B.D
MH594389_Kenya_2010	B.D
MH594365_Kenya_2010	B.D
MH594379_Kenya_2010	B.D
MH594373_Kenya_2010	B.D
MH594371_Kenya_2010	B.D
MH594387_Kenya_2010	B.D
EPI-ISL-15751948_Kenya_2007	B.D
EPI-ISL-15751946_Kenya_2009	B.D
EPI-ISL-15751947_Kenya_2008	B.D
EPI-ISL-6494898_England_2008	B.D
EPI-ISL-15752004_Brazil_2008	B.D
EPI-ISL-15752002_Brazil_2008	B.D
MK109765_Jordan_2011	B.D
MK109769_Jordan_2011	B.D
MK109789_Jordan_2011	B.D
EPI-ISL-6494932_England_2010	B.D
MK109781_Jordan_2011	B.D
EPI-ISL-6494926_England_2009	B.D
MK109770_Jordan_2010	B.D
EPI-ISL-6494902_England_2008	B.D
EPI-ISL-6494906_England_2009	B.D
EPI-ISL-15751995_Brazil_2009	B.D
OK649714_Brazil_2009	B.D
OK649719_Brazil_2009	B.D
EPI-ISL-6494933_England_2010	B.D.1
EPI-ISL-6494900_England_2008	B.D.1
KY249662_United-Kingdom_2013	B.D.1
OK649699_Brazil_2009	B.D.1
EPI-ISL-6494923_England_2009	B.D.1
KY249659_United-Kingdom_2013	B.D.1
EPI-ISL-6494910_England_2009	B.D.1
EPI-ISL-6494924_England_2009	B.D.1
EPI-ISL-6494914_England_2009	B.D.1
MH594445_Kenya_2010	B.D.1
MH594450_Kenya_2010	B.D.1
MH594447_Kenya_2010	B.D.1
MH594430_Kenya_2010	B.D.1
MH594433_Kenya_2010	B.D.1
MH594431_Kenya_2010	B.D.1
MF001042_USA_2015	B.D.1
EPI-ISL-6494918_England_2009	B.D.1
EPI-ISL-15004436_Morocco_2012	B.D.1.1
EPI-ISL-15004437_Morocco_2012	B.D.1.1
EPI-ISL-15004434_Morocco_2012	B.D.1.1
ON237101_Argentina_2014	B.D.1.1
ON237110_Argentina_2014	B.D.1.1
ON237120_Argentina_2014	B.D.1.1
KY249661_United-Kingdom_2013	B.D.1.1
KY249666_United-Kingdom_2013	B.D.1.1
KY249674_United-Kingdom_2012	B.D.1.1
EPI-ISL-15004432_Morocco_2012	B.D.1.1
ON237115_Argentina_2014	B.D.1.1
ON237117_Argentina_2014	B.D.1.1
EPI-ISL-15751994_Brazil_2009	B.D
EPI-ISL-15751993_Brazil_2009	B.D
OK649703_Brazil_2009	B.D
OK649715_Brazil_2009	B.D
OK649720_Brazil_2009	B.D
EPI-ISL-6494917_England_2009	B.D
EPI-ISL-6494905_England_2009	B.D
MK453523_USA_2009	B.D
OK649722_Brazil_2010	B.D
EPI-ISL-15751953_Brazil_2010	B.D
MF001044_USA_2015	B.D
OK649700_Brazil_2009	B.D
ON237143_Argentina_2015	B.D.2
ON237164_Argentina_2015	B.D.2
ON237145_Argentina_2015	B.D.2
ON237086_Argentina_2014	B.D.2
ON237096_Argentina_2014	B.D.2
ON237105_Argentina_2014	B.D.2
ON237124_Argentina_2014	B.D.2
ON237119_Argentina_2014	B.D.2
MW582529_Germany_2015	B.D.2
ON237116_Argentina_2014	B.D.2
ON237156_Argentina_2015	B.D.2
MK749883_Nicaragua_2015	B.D.2
MK109766_Jordan_2013	B.D.2
MK109783_Jordan_2013	B.D.2
MK109784_Jordan_2013	B.D.2
MK109780_Jordan_2013	B.D.2
MK109788_Jordan_2013	B.D.2
MK109778_Jordan_2012	B.D.2
MK109768_Jordan_2013	B.D.2
MK109771_Jordan_2013	B.D.2
ON237131_Argentina_2015	B.D.2
ON237142_Argentina_2015	B.D.2
ON237153_Argentina_2015	B.D.2
KY249668_United-Kingdom_2012	B.D.2
ON237108_Argentina_2014	B.D.2
ON237087_Argentina_2014	B.D.2
KY249663_United-Kingdom_2013	B.D.2
ON237158_Argentina_2015	B.D.2
ON237165_Argentina_2015	B.D.2
MK109767_Jordan_2013	B.D.2
ON237193_Argentina_2016	B.D.2
KY249669_United-Kingdom_2012	B.D.2
KY249671_United-Kingdom_2012	B.D.2
MH594437_Kenya_2010	B.D.2
MH594441_Kenya_2010	B.D.2
MH594426_Kenya_2010	B.D.2
MH594399_Kenya_2010	B.D.2
MH594400_Kenya_2010	B.D.2
MH594390_Kenya_2010	B.D.2
MH594393_Kenya_2010	B.D.2
EPI-ISL-6494934_England_2010	B.D.2
KY249672_United-Kingdom_2012	B.D.2
KY249675_United-Kingdom_2012	B.D.2
KY249676_United-Kingdom_2012	B.D.2
EPI-ISL-6494945_England_2011	B.D.2
EPI-ISL-6494944_England_2011	B.D.2
EPI-ISL-6494947_England_2011	B.D.2
ON237144_Argentina_2015	B.D.2
ON237147_Argentina_2015	B.D.2
ON237098_Argentina_2014	B.D.2
ON237113_Argentina_2014	B.D.2
ON237111_Argentina_2014	B.D.2
ON237100_Argentina_2014	B.D.2
ON237103_Argentina_2014	B.D.2
ON237088_Argentina_2014	B.D.2
EPI-ISL-6494930_England_2010	B.D.2
ON237085_Argentina_2014	B.D.2
ON237090_Argentina_2014	B.D.2
ON237092_Argentina_2014	B.D.2
ON237102_Argentina_2014	B.D.2
ON237121_Argentina_2014	B.D.2
EPI-ISL-15751943_USA_2014	B.D.2
ON237157_Argentina_2015	B.D.2
ON237093_Argentina_2014	B.D.2
ON237112_Argentina_2014	B.D.2
ON237118_Argentina_2014	B.D.2
ON237140_Argentina_2015	B.D.2
ON237141_Argentina_2015	B.D.2
ON237109_Argentina_2014	B.D.2
KY249658_United-Kingdom_2013	B.D.2
MK749900_Nicaragua_2013	B.D.2
OK649727_Brazil_2010	B.D.2
EPI-ISL-6494936_England_2010	B.D.2
MK109764_Jordan_2013	B.D.2
EPI-ISL-6494942_England_2011	B.D.2
MK109779_Jordan_2010	B.D.2
OK649724_Brazil_2010	B.D.2
EPI-ISL-6494928_England_2010	B.D.2
EPI-ISL-6494929_England_2010	B.D.2
OK649723_Brazil_2010	B.D.2
EPI-ISL-6494927_England_2010	B.D.2
EPI-ISL-6494943_England_2011	B.D.2
EPI-ISL-6494946_England_2011	B.D.2
EPI-ISL-6494907_England_2009	B.D.2
EPI-ISL-6494916_England_2009	B.D.2
EPI-ISL-6494921_England_2009	B.D.2
EPI-ISL-6494940_England_2010	B.D.2
OK649710_Brazil_2009	B.D.2
EPI-ISL-6494897_England_2008	B.D.2
EPI-ISL-15751955_Brazil_2010	B.D.2
OK649729_Brazil_2010	B.D.2
EPI-ISL-6494938_England_2010	B.D.2
EPI-ISL-15004431_Morocco_2012	B.D.2
EPI-ISL-6494931_England_2010	B.D.2
EPI-ISL-15751956_Brazil_2010	B.D.2
EPI-ISL-6494937_England_2010	B.D.2
OK649701_Brazil_2009	B.D.2
OK649712_Brazil_2009	B.D.2
EPI-ISL-6494939_England_2010	B.D.2
EPI-ISL-15751951_Brazil_2010	B.D.2
EPI-ISL-6494948_England_2011	B.D.2
EPI-ISL-15751952_Brazil_2010	B.D.3
OK649728_Brazil_2010	B.D.3
EPI-ISL-15751998_Brazil_2009	B.D.3
EPI-ISL-15751992_Brazil_2009	B.D.3
OK649704_Brazil_2009	B.D.3
EPI-ISL-15751996_Brazil_2009	B.D.3
OK649708_Brazil_2009	B.D.3
EPI-ISL-15752000_Brazil_2009	B.D.3
OK649705_Brazil_2009	B.D.3
OK649726_Brazil_2010	B.D.3
EPI-ISL-15751999_Brazil_2009	B.D.3
EPI-ISL-6494987_England_2013	B.D.3
KY249664_United-Kingdom_2013	B.D.3
KY249677_United-Kingdom_2012	B.D.3
EPI-ISL-6494913_England_2009	B.D.3
EPI-ISL-6494941_England_2010	B.D.3
KY249670_United-Kingdom_2012	B.D.3
KY249656_United-Kingdom_2014	B.D.3
ON237089_Argentina_2014	B.D.3
MK989761_Kenya_2015	B.D.3
EPI-ISL-6494790_England_2014	B.D.3
EPI-ISL-6494791_England_2014	B.D.3
KY249667_United-Kingdom_2012	B.D.3
KY249673_United-Kingdom_2012	B.D.3
LC385000_Philippines_2015	B.D.3.1
LC385007_Philippines_2015	B.D.3.1
EPI-ISL-6494812_England_2016	B.D.3.1
LC385001_Philippines_2014	B.D.3.1
MK109786_Jordan_2012	B.D.3.1
EPI-ISL-10914986_Australia_2015	B.D.3.1
EPI-ISL-6494810_England_2016	B.D.3.1
EPI-ISL-6494795_England_2014	B.D.3.1
EPI-ISL-6494797_England_2015	B.D.3.1
ON237136_Argentina_2015	B.D.3.1
ON237146_Argentina_2015	B.D.3.1
ON237151_Argentina_2015	B.D.3.1
ON237129_Argentina_2015	B.D.3.1
ON237162_Argentina_2015	B.D.3.1
ON237167_Argentina_2015	B.D.3.1
ON237154_Argentina_2015	B.D.3.1
KY249657_United-Kingdom_2014	B.D.3.1
ON237114_Argentina_2014	B.D.3.1
EPI-ISL-15120685_Morocco_2015	B.D.3.1
MK109782_Jordan_2013	B.D.3.1
EPI-ISL-5522629_Cote-dIvoire_2018	B.D.3.1
EPI-ISL-6174134_Cote-dIvoire_2017	B.D.3.1
MZ516025_Netherlands_2017	B.D.3.1
EPI-ISL-5522625_Cote-dIvoire_2017	B.D.3.1
EPI-ISL-5522626_Cote-dIvoire_2017	B.D.3.1
EPI-ISL-15120734_Morocco_2016	B.D.3.1
ON237099_Argentina_2014	B.D.3.1
ON237130_Argentina_2015	B.D.3
ON237134_Argentina_2015	B.D.3
ON237133_Argentina_2015	B.D.3
ON237159_Argentina_2015	B.D.3
ON237160_Argentina_2015	B.D.3
MZ515611_Netherlands_2018	B.D.3.2
MZ515868_Netherlands_2018	B.D.3.2
MZ515674_Netherlands_2018	B.D.3.2
ON237179_Argentina_2016	B.D.3.2
ON237204_Argentina_2016	B.D.3.2
EPI-ISL-15120762_Morocco_2017	B.D.3.2
LR699726_United-Kingdom_2017	B.D.3.2
ON237177_Argentina_2016	B.D.3.2
ON237198_Argentina_2016	B.D.3.2
ON237191_Argentina_2016	B.D.3.2
ON237200_Argentina_2016	B.D.3.2
ON237186_Argentina_2016	B.D.3.2
ON237201_Argentina_2016	B.D.3.2
ON237207_Argentina_2016	B.D.3.2
MZ515574_Netherlands_2018	B.D.3.2
ON237184_Argentina_2016	B.D.3.2
ON237178_Argentina_2016	B.D.3.2
ON237196_Argentina_2016	B.D.3.2
ON237181_Argentina_2016	B.D.3.2
ON237180_Argentina_2016	B.D.3.2
ON237194_Argentina_2016	B.D.3.2
ON237209_Argentina_2016	B.D.3.2
ON237192_Argentina_2016	B.D.3.2
ON237174_Argentina_2016	B.D.3.2
ON237182_Argentina_2016	B.D.3.2
ON237199_Argentina_2016	B.D.3.2
ON237185_Argentina_2016	B.D.3.2
ON237197_Argentina_2016	B.D.3.2
ON237173_Argentina_2016	B.D.3.2
ON237206_Argentina_2016	B.D.3.2
LC488177_Japan_2016	B.D.3.2
EPI-ISL-6494826_England_2016	B.D.3.2
MZ515554_Netherlands_2017	B.D.3.2
EPI-ISL-16714592_England_2022	B.D.3.2
EPI-ISL-16714315_England_2021	B.D.3.2
EPI-ISL-16714730_England_2022	B.D.3.2
OK500261_France_2021	B.D.3.2
OK500263_France_2021	B.D.3.2
EPI-ISL-15120795_Morocco_2019	B.D.3.2
EPI-ISL-6174137_Cote-dIvoire_2018	B.D.3.2
MK749871_Nicaragua_2015	B.D.3.2
MK749892_Nicaragua_2015	B.D.3.2
MK749872_Nicaragua_2016	B.D.3.2
MK749898_Nicaragua_2015	B.D.3.2
MK749902_Nicaragua_2015	B.D.3.2
EPI-ISL-4569432_Australia_2015	B.D.3.2
EPI-ISL-15120752_Morocco_2017	B.D.3.2
ON237148_Argentina_2015	B.D.3.2
ON237217_Argentina_2017	B.D.3.2
ON237150_Argentina_2015	B.D.3.2
ON237168_Argentina_2015	B.D.3.2
LC384999_Philippines_2014	B.D.3.2
LC385005_Philippines_2014	B.D.3.2
MK749873_Nicaragua_2015	B.D.3.2
MK749881_Nicaragua_2015	B.D.3.2
MK749877_Nicaragua_2015	B.D.3.2
MK749891_Nicaragua_2015	B.D.3.2
MK749899_Nicaragua_2016	B.D.3.2
ON237084_Argentina_2014	B.D.3.2
ON237122_Argentina_2014	B.D.3.2
ON237091_Argentina_2014	B.D.3.2
ON237127_Argentina_2014	B.D.3.2
ON237152_Argentina_2015	B.D.3.2
ON237125_Argentina_2014	B.D.3.2
LC384997_Philippines_2014	B.D.3.2
EPI-ISL-6494804_England_2015	B.D.3.2
EPI-ISL-15120705_Morocco_2016	B.D.3.2
EPI-ISL-15120707_Morocco_2016	B.D.3.2
KY249683_United-Kingdom_2016	B.D.3.2
EPI-ISL-6494803_England_2015	B.D.3.2
KY249681_United-Kingdom_2016	B.D.3.2
MZ515587_Netherlands_2018	B.D.3.2
MZ515996_Netherlands_2018	B.D.3.2
MZ515793_Netherlands_2017	B.D.3.2
MZ515869_Netherlands_2018	B.D.3.2
MZ516126_Netherlands_2017	B.D.3.2
EPI-ISL-15120764_Morocco_2017	B.D.3.2
ON237166_Argentina_2015	B.D.3.2
ON237203_Argentina_2016	B.D.3.2
ON237176_Argentina_2016	B.D.3.2
ON237189_Argentina_2016	B.D.3.2
ON237183_Argentina_2016	B.D.3.2
EPI-ISL-6494814_England_2016	B.D.3.2
EPI-ISL-15120757_Morocco_2017	B.D.3.2
EPI-ISL-15120761_Morocco_2017	B.D.3.2
EPI-ISL-15120756_Morocco_2017	B.D.3.2
EPI-ISL-15120769_Morocco_2017	B.D.3.2
EPI-ISL-15120765_Morocco_2017	B.D.3.2
LR699738_Spain_2018	B.D.3.2
LR699740_Spain_2018	B.D.3.2
LR699739_Spain_2018	B.D.3.2
LR699741_Spain_2017	B.D.3.2
EPI-ISL-6494827_England_2016	B.D.3.2
ON237211_Argentina_2017	B.D.3.2
MH327947_India_2017	B.D.3.2
MZ515918_Netherlands_2017	B.D.3.2
EPI-ISL-6494798_England_2015	B.D.3.2
MK989762_Kenya_2015	B.D.3.2
MZ515764_Netherlands_2019	B.D.3.2
EPI-ISL-15120722_Morocco_2016	B.D.3.2
LR699735_United-Kingdom_2017	B.D.3.2
MZ515924_United-Kingdom_2018	B.D.3.2
EPI-ISL-6494799_England_2015	B.D.3.2
KY249682_United-Kingdom_2016	B.D.3.2
EPI-ISL-6494825_England_2016	B.D.3.2
MZ515831_Netherlands_2018	B.D.3.2
MZ516082_Netherlands_2017	B.D.3.2
MZ515603_Netherlands_2017	B.D.3.2
EPI-ISL-15120746_Morocco_2017	B.D.3.2
EPI-ISL-6174138_Egypt_2019	B.D.3.2
LC385006_Philippines_2016	B.D.3.2
MZ516041_Netherlands_2018	B.D.3.2
MK749866_Nicaragua_2015	B.D.3.2
MK749880_Nicaragua_2015	B.D.3.2
MK749914_Nicaragua_2015	B.D.3.2
MK749879_Nicaragua_2015	B.D.3.2
MK749904_Nicaragua_2015	B.D.3.2
MK749888_Nicaragua_2015	B.D.3.2
MK749878_Nicaragua_2015	B.D.3.2
MK749906_Nicaragua_2015	B.D.3.2
MK749907_Nicaragua_2015	B.D.3.2
MK749903_Nicaragua_2015	B.D.3.2
MK749870_Nicaragua_2015	B.D.3.2
MK749874_Nicaragua_2015	B.D.3.2
MK749915_Nicaragua_2016	B.D.3.2
MK749897_Nicaragua_2016	B.D.3.2
MK749908_Nicaragua_2016	B.D.3.2
MK749905_Nicaragua_2015	B.D.3.2
MK749889_Nicaragua_2015	B.D.3.2
MK749896_Nicaragua_2015	B.D.3.2
MK749876_Nicaragua_2015	B.D.3.2
MK749875_Nicaragua_2016	B.D.3.2
MK749868_Nicaragua_2016	B.D.3.2
MK749882_Nicaragua_2016	B.D.3.2
MK749885_Nicaragua_2016	B.D.3.2
MK749901_Nicaragua_2016	B.D.3.2
MK749869_Nicaragua_2016	B.D.3.2
MK749916_Nicaragua_2016	B.D.3.2
MK749894_Nicaragua_2016	B.D.3.2
MK749910_Nicaragua_2016	B.D.3.2
MK749887_Nicaragua_2015	B.D.3.2
LR699743_Spain_2018	B.D.3.2
MZ515648_Netherlands_2018	B.D.3.2
MZ515836_Netherlands_2018	B.D.3.2
MZ516104_Netherlands_2018	B.D.3.2
MZ516045_United-Kingdom_2017	B.D.3.2
OM857396_Australia_2020	B.D.3.2
OM857397_Australia_2020	B.D.3.2
MT040084_USA_2016	B.D.3.2
MT040088_USA_2016	B.D.3.2
MT040086_USA_2016	B.D.3.2
LC385008_Philippines_2016	B.D.3.2
MT040087_USA_2016	B.D.3.2
ON237214_Argentina_2017	B.D.3.2
ON237216_Argentina_2017	B.D.3.2
ON237155_Argentina_2015	B.D.3.2
EPI-ISL-15120687_Morocco_2015	B.D.3.2
EPI-ISL-15120699_Morocco_2016	B.D.3.2
EPI-ISL-15120698_Morocco_2016	B.D.3.2
EPI-ISL-15120740_Morocco_2017	B.D.3.2
EPI-ISL-15120742_Morocco_2017	B.D.3.2
EPI-ISL-15120693_Morocco_2016	B.D.3.2
EPI-ISL-15120700_Morocco_2016	B.D.3.2
EPI-ISL-15120766_Morocco_2017	B.D.3.2
EPI-ISL-15120736_Morocco_2016	B.D.3.2
EPI-ISL-15120704_Morocco_2016	B.D.3.2
EPI-ISL-15120711_Morocco_2016	B.D.3.2
EPI-ISL-15120708_Morocco_2016	B.D.3.2
EPI-ISL-15120686_Morocco_2015	B.D.3.2
EPI-ISL-15120784_Morocco_2018	B.D.3.2
EPI-ISL-15120712_Morocco_2016	B.D.3.2
ON237138_Argentina_2015	B.D.3.2
EPI-ISL-15120749_Morocco_2017	B.D.3.2
EPI-ISL-15120733_Morocco_2016	B.D.3.2
EPI-ISL-15120684_Morocco_2015	B.D.3.2
EPI-ISL-15120767_Morocco_2017	B.D.3.2
EPI-ISL-16905450_Morocco_2016	B.D.3.2
EPI-ISL-6494786_England_2014	B.D.3.2
EPI-ISL-5522627_Cote-dIvoire_2017	B.D.3.2
LR699742_Spain_2017	B.D.3.2
EPI-ISL-6174132_Cote-dIvoire_2017	B.D.3.2
EPI-ISL-6174133_Cote-dIvoire_2017	B.D.3.2
MZ516032_Netherlands_2017	B.D.3.2
EPI-ISL-15120691_Morocco_2016	B.D.3.2
MZ515889_Netherlands_2019	B.D.3.2
EPI-ISL-15120737_Morocco_2017	B.D.3.2
EPI-ISL-15120751_Morocco_2017	B.D.3.2
EPI-ISL-15120758_Morocco_2017	B.D.3.2
EPI-ISL-15120759_Morocco_2017	B.D.3.2
EPI-ISL-15120755_Morocco_2017	B.D.3.2
EPI-ISL-15120768_Morocco_2017	B.D.3.2
EPI-ISL-15120725_Morocco_2016	B.D.3.2
EPI-ISL-15120747_Morocco_2017	B.D.3.2
EPI-ISL-15120724_Morocco_2016	B.D.3.2
EPI-ISL-15120720_Morocco_2016	B.D.3.2
EPI-ISL-15120697_Morocco_2016	B.D.3.2
EPI-ISL-15120744_Morocco_2017	B.D.3.2
EPI-ISL-15120702_Morocco_2016	B.D.3.2
EPI-ISL-15120714_Morocco_2016	B.D.3.2
EPI-ISL-15120701_Morocco_2016	B.D.3.2
EPI-ISL-16905449_Morocco_2016	B.D.3.2
KY674984_USA_2016	B.D.3.2
EPI-ISL-15120763_Morocco_2017	B.D.3.2
EPI-ISL-15120750_Morocco_2017	B.D.3.2
EPI-ISL-15120732_Morocco_2016	B.D.3.2
EPI-ISL-15120741_Morocco_2017	B.D.3.2
EPI-ISL-15120760_Morocco_2017	B.D.3.2
EPI-ISL-15120753_Morocco_2017	B.D.3.2
EPI-ISL-15120695_Morocco_2016	B.D.3.2
EPI-ISL-15120709_Morocco_2016	B.D.3.2
EPI-ISL-15120696_Morocco_2016	B.D.3.2
EPI-ISL-15120710_Morocco_2016	B.D.3.2
EPI-ISL-15120735_Morocco_2016	B.D.3.2
EPI-ISL-15120748_Morocco_2017	B.D.3.2
ON237208_Argentina_2016	B.D.3.2
KY249660_United-Kingdom_2013	B.D.3.2
EPI-ISL-15772196_USA_2017	B.D.3.2.1
MZ515970_United-Kingdom_2018	B.D.3.2.1
OQ261736_Austria_2019	B.D.3.2.1
MZ515591_United-Kingdom_2018	B.D.3.2.1
EPI-ISL-6268457_China_2020	B.D.3.2.1
EPI-ISL-6268597_China_2020	B.D.3.2.1
EPI-ISL-6494813_England_2016	B.D.3.2.1
MZ515608_Spain_2019	B.D.3.2.1
EPI-ISL-15067703_Argentina_2018	B.D.3.2.1
EPI-ISL-15055347_Argentina_2018	B.D.3.2.1
EPI-ISL-15067694_Argentina_2018	B.D.3.2.1
MZ515613_United-Kingdom_2018	B.D.3.2.1
MZ516095_Netherlands_2018	B.D.3.2.1
MZ515761_Netherlands_2018	B.D.3.2.1
MZ516022_Netherlands_2018	B.D.3.2.1
EPI-ISL-10954009_England_2018	B.D.3.2.1
MK534511_Russia_2018	B.D.3.2.1
MZ515612_Netherlands_2017	B.D.3.2.1
MK534510_Russia_2018	B.D.3.2.1
MZ515625_Netherlands_2018	B.D.3.2.1
MZ515865_Netherlands_2018	B.D.3.2.1
MZ515665_Netherlands_2017	B.D.3.2.1
MZ515683_Netherlands_2018	B.D.3.2.1
MZ516113_Netherlands_2019	B.D.3.2.1
EPI-ISL-15120779_Morocco_2017	B.D.3.2.1
MZ515694_United-Kingdom_2018	B.D.3.2.1
MZ516107_United-Kingdom_2018	B.D.3.2.1
MZ515637_United-Kingdom_2018	B.D.3.2.1
MZ515716_United-Kingdom_2018	B.D.3.2.1
MZ515849_Netherlands_2017	B.D.3.2.1
MZ515925_United-Kingdom_2019	B.D.3.2.1
MZ515817_Netherlands_2017	B.D.3.2.1
MZ515667_United-Kingdom_2018	B.D.3.2.1
MZ515704_Netherlands_2018	B.D.3.2.1
MZ515561_United-Kingdom_2019	B.D.3.2.1
MZ515890_United-Kingdom_2018	B.D.3.2.1
MZ515627_United-Kingdom_2018	B.D.3.2.1
MZ515809_United-Kingdom_2018	B.D.3.2.1
EPI-ISL-15120794_Morocco_2019	B.D.3.2.1
EPI-ISL-15120799_Morocco_2019	B.D.3.2.1
MZ515669_United-Kingdom_2018	B.D.3.2.1
MZ515698_United-Kingdom_2018	B.D.3.2.1
MZ515663_Netherlands_2018	B.D.3.2.1
MZ515926_Netherlands_2017	B.D.3.2.1
MZ516060_Netherlands_2018	B.D.3.2.1
EPI-ISL-15067699_Argentina_2018	B.D.3.2.1
MZ515738_Spain_2018	B.D.3.2.1
ON237212_Argentina_2017	B.D.3.2.1
EPI-ISL-6494817_England_2016	B.D.3.2.1
ON237171_Argentina_2016	B.D.3.2.1
EPI-ISL-16929307_Scotland_2022	B.D.3.2.1.1
EPI-ISL-16881203_Scotland_2022	B.D.3.2.1.1
EPI-ISL-16881208_Scotland_2022	B.D.3.2.1.1
EPI-ISL-16881198_Scotland_2022	B.D.3.2.1.1
EPI-ISL-16881187_Scotland_2022	B.D.3.2.1.1
EPI-ISL-16714718_England_2022	B.D.3.2.1.1
EPI-ISL-16714722_England_2022	B.D.3.2.1.1
EPI-ISL-16881189_Scotland_2022	B.D.3.2.1.1
EPI-ISL-16672884_England_2022	B.D.3.2.1.1
EPI-ISL-16714614_England_2021	B.D.3.2.1.1
EPI-ISL-16714573_England_2022	B.D.3.2.1.1
EPI-ISL-16714709_England_2022	B.D.3.2.1.1
EPI-ISL-16737028_England_2022	B.D.3.2.1.1
EPI-ISL-16672925_England_2022	B.D.3.2.1.1
EPI-ISL-16672817_England_2022	B.D.3.2.1.1
EPI-ISL-16714686_England_2021	B.D.3.2.1.1
EPI-ISL-13231411_Israel_2021	B.D.3.2.1.1
EPI-ISL-13231438_Israel_2021	B.D.3.2.1.1
EPI-ISL-14769851_South-Africa_2022	B.D.3.2.1.1
EPI-ISL-16714707_England_2022	B.D.3.2.1.1
EPI-ISL-16714387_England_2021	B.D.3.2.1.1
EPI-ISL-16714806_Australia_2022	B.D.3.2.1.1
EPI-ISL-16609708_England_2022	B.D.3.2.1.1
EPI-ISL-16881188_Scotland_2022	B.D.3.2.1.1
OQ357797_USA_2022	B.D.3.2.1.1
EPI-ISL-16881199_Scotland_2022	B.D.3.2.1.1
EPI-ISL-16737025_England_2022	B.D.3.2.1.1
EPI-ISL-16714585_England_2022	B.D.3.2.1.1
EPI-ISL-16714370_England_2021	B.D.3.2.1.1
EPI-ISL-16714660_England_2021	B.D.3.2.1.1
EPI-ISL-16714668_England_2021	B.D.3.2.1.1
EPI-ISL-16672811_England_2022	B.D.3.2.1.1
EPI-ISL-16714659_England_2021	B.D.3.2.1.1
EPI-ISL-16714616_England_2021	B.D.3.2.1.1
EPI-ISL-16714287_England_2021	B.D.3.2.1.1
EPI-ISL-16714351_England_2021	B.D.3.2.1.1
EPI-ISL-16714670_England_2021	B.D.3.2.1.1
EPI-ISL-16714736_England_2022	B.D.3.2.1.1
EPI-ISL-16714685_England_2021	B.D.3.2.1.1
EPI-ISL-16714724_England_2022	B.D.3.2.1.1
EPI-ISL-16714716_England_2022	B.D.3.2.1.1
EPI-ISL-16737039_England_2022	B.D.3.2.1.1
EPI-ISL-16714706_England_2022	B.D.3.2.1.1
EPI-ISL-16714738_England_2022	B.D.3.2.1.1
EPI-ISL-16609721_England_2022	B.D.3.2.1.1
EPI-ISL-16714589_England_2022	B.D.3.2.1.1
EPI-ISL-16714712_England_2022	B.D.3.2.1.1
EPI-ISL-16714735_England_2022	B.D.3.2.1.1
EPI-ISL-16609768_England_2022	B.D.3.2.1.1
EPI-ISL-16714675_England_2021	B.D.3.2.1.1
EPI-ISL-16714648_England_2021	B.D.3.2.1.1
OP890346_USA_2022	B.D.3.2.1.1
EPI-ISL-15055353_Argentina_2021	B.D.3.2.1.1
EPI-ISL-16714678_England_2021	B.D.3.2.1.1
EPI-ISL-16709000_England_2021	B.D.3.2.1.1
EPI-ISL-16714418_England_2021	B.D.3.2.1.1
EPI-ISL-16609729_England_2022	B.D.3.2.1.1
EPI-ISL-16714349_England_2021	B.D.3.2.1.1
EPI-ISL-16672917_England_2022	B.D.3.2.1.1
EPI-ISL-16609722_England_2022	B.D.3.2.1.1
EPI-ISL-16714746_Australia_2022	B.D.3.2.1.1
EPI-ISL-16714674_England_2021	B.D.3.2.1.1
EPI-ISL-16714283_England_2021	B.D.3.2.1.1
EPI-ISL-16681312_USA_2022	B.D.3.2.1.1
EPI-ISL-16714737_England_2022	B.D.3.2.1.1
EPI-ISL-16672809_England_2022	B.D.3.2.1.1
EPI-ISL-16006114_Macedonia_2022	B.D.3.2.1.1
EPI-ISL-16006115_Macedonia_2022	B.D.3.2.1.1
EPI-ISL-16714739_England_2022	B.D.3.2.1.1
EPI-ISL-16672922_England_2022	B.D.3.2.1.1
EPI-ISL-16672801_England_2022	B.D.3.2.1.1
EPI-ISL-16714466_England_2022	B.D.3.2.1.1
EPI-ISL-16714472_England_2022	B.D.3.2.1.1
EPI-ISL-16006111_Macedonia_2022	B.D.3.2.1.1
EPI-ISL-15055351_Argentina_2021	B.D.3.2.1.1
EPI-ISL-15055352_Argentina_2021	B.D.3.2.1.1
EPI-ISL-16609728_England_2022	B.D.3.2.1.1
EPI-ISL-16132381_USA_2022	B.D.3.2.1.1
EPI-ISL-16714734_England_2022	B.D.3.2.1.1
OP890343_USA_2022	B.D.3.2.1.1
OP890345_USA_2022	B.D.3.2.1.1
OQ357796_USA_2022	B.D.3.2.1.1
EPI-ISL-16672891_England_2022	B.D.3.2.1.1
EPI-ISL-16609732_England_2022	B.D.3.2.1.1
EPI-ISL-16881197_Scotland_2022	B.D.3.2.1.1
EPI-ISL-16929305_Scotland_2022	B.D.3.2.1.1
EPI-ISL-16881201_Scotland_2022	B.D.3.2.1.1
OP965700_USA_2021	B.D.3.2.1.1
OP965703_USA_2021	B.D.3.2.1.1
OP965709_USA_2022	B.D.3.2.1.1
EPI-ISL-17066789_Australia_2022	B.D.3.2.1.1
EPI-ISL-16672808_England_2022	B.D.3.2.1.1
EPI-ISL-16681272_USA_2022	B.D.3.2.1.1
OP890348_USA_2022	B.D.3.2.1.1
EPI-ISL-16672815_England_2022	B.D.3.2.1.1
OP965707_USA_2021	B.D.3.2.1.1
EPI-ISL-16681286_USA_2022	B.D.3.2.1.1
OP890341_USA_2022	B.D.3.2.1.1
EPI-ISL-16609737_England_2022	B.D.3.2.1.1
EPI-ISL-16006110_Macedonia_2022	B.D.3.2.1.1
EPI-ISL-16672890_England_2022	B.D.3.2.1.1
EPI-ISL-16714644_England_2021	B.D.3.2.1.1
EPI-ISL-16881202_Scotland_2022	B.D.3.2.1.1
EPI-ISL-16609753_England_2022	B.D.3.2.1.1
EPI-ISL-16714424_England_2021	B.D.3.2.1.1
EPI-ISL-16672933_England_2022	B.D.3.2.1.1
EPI-ISL-16609745_England_2022	B.D.3.2.1.1
EPI-ISL-16672810_England_2022	B.D.3.2.1.1
EPI-ISL-16672803_England_2022	B.D.3.2.1.1
EPI-ISL-16609724_England_2022	B.D.3.2.1.1
EPI-ISL-16881196_Scotland_2022	B.D.3.2.1.1
EPI-ISL-16929303_Scotland_2022	B.D.3.2.1.1
EPI-ISL-16714708_England_2022	B.D.3.2.1.1
EPI-ISL-16672799_England_2022	B.D.3.2.1.1
EPI-ISL-16714720_England_2022	B.D.3.2.1.1
EPI-ISL-16714742_England_2022	B.D.3.2.1.1
EPI-ISL-16672812_England_2022	B.D.3.2.1.1
EPI-ISL-16714594_England_2022	B.D.3.2.1.1
EPI-ISL-16609738_England_2022	B.D.3.2.1.1
EPI-ISL-16714574_England_2022	B.D.3.2.1.1
EPI-ISL-16609762_England_2022	B.D.3.2.1.1
OP965698_USA_2021	B.D.3.2.1.1
OP965701_USA_2021	B.D.3.2.1.1
EPI-ISL-16714583_England_2022	B.D.3.2.1.1
EPI-ISL-16881190_Scotland_2022	B.D.3.2.1.1
EPI-ISL-16714805_Australia_2022	B.D.3.2.1.1
EPI-ISL-16714811_Australia_2022	B.D.3.2.1.1
EPI-ISL-17066780_Australia_2022	B.D.3.2.1.1
EPI-ISL-16714748_Australia_2022	B.D.3.2.1.1
EPI-ISL-16737024_England_2022	B.D.3.2.1.1
EPI-ISL-16746476_England_2022	B.D.3.2.1.1
EPI-ISL-16714278_England_2021	B.D.3.2.1.1
EPI-ISL-16681200_USA_2022	B.D.3.2.1.1
EPI-ISL-17066830_Australia_2022	B.D.3.2.1.1
OP890347_USA_2022	B.D.3.2.1.1
EPI-ISL-15120792_Morocco_2019	B.D.3.2.1
EPI-ISL-15120791_Morocco_2019	B.D.3.2.1
EPI-ISL-15120797_Morocco_2019	B.D.3.2.1
EPI-ISL-15120798_Morocco_2019	B.D.3.2.1
EPI-ISL-15120787_Morocco_2019	B.D.3.2.1
EPI-ISL-15120796_Morocco_2019	B.D.3.2.1
EPI-ISL-5522628_Cote-dIvoire_2019	B.D.3.2.1
MZ151850_Russia_2019	B.D.3.2.1
MZ151856_Russia_2020	B.D.3.2.1
EPI-ISL-15120790_Morocco_2019	B.D.3.2.1
MZ515769_United-Kingdom_2019	B.D.3.2.1
MZ515710_Netherlands_2017	B.D.3.2.1
MZ516094_Netherlands_2018	B.D.3.2.1
MZ515743_Netherlands_2017	B.D.3.2.1
MZ515955_Netherlands_2018	B.D.3.2.1
EPI-ISL-15120754_Morocco_2017	B.D.3.2.1
EPI-ISL-16905446_Morocco_2017	B.D.3.2.1
EPI-ISL-6268623_China_2021	B.D.3.2.1
EPI-ISL-6314642_China_2021	B.D.3.2.1
EPI-ISL-6314470_China_2021	B.D.3.2.1
EPI-ISL-6314465_China_2021	B.D.3.2.1
EPI-ISL-6314663_China_2021	B.D.3.2.1
EPI-ISL-6268628_China_2021	B.D.3.2.1
EPI-ISL-6208721_Egypt_2019	B.D.3.2.1
EPI-ISL-15728622_South-Africa_2022	B.D.3.2.1
EPI-ISL-15728624_South-Africa_2022	B.D.3.2.1
EPI-ISL-11055778_South-Africa_2022	B.D.3.2.1
EPI-ISL-14769847_South-Africa_2022	B.D.3.2.1
EPI-ISL-15728632_South-Africa_2022	B.D.3.2.1
EPI-ISL-14769855_South-Africa_2022	B.D.3.2.1
EPI-ISL-15728627_South-Africa_2022	B.D.3.2.1
EPI-ISL-15728634_South-Africa_2022	B.D.3.2.1
EPI-ISL-15728628_South-Africa_2022	B.D.3.2.1
EPI-ISL-15728631_South-Africa_2022	B.D.3.2.1
EPI-ISL-14769856_South-Africa_2022	B.D.3.2.1
EPI-ISL-11055772_South-Africa_2022	B.D.3.2.1
EPI-ISL-14769854_South-Africa_2022	B.D.3.2.1
EPI-ISL-11055798_South-Africa_2021	B.D.3.2.1
EPI-ISL-11055771_South-Africa_2021	B.D.3.2.1
MZ515599_Netherlands_2019	B.D.3.2.1
EPI-ISL-11428314_England_2018	B.D.3.2.1
MZ515557_United-Kingdom_2018	B.D.3.2.1
MZ515671_United-Kingdom_2018	B.D.3.2.1
MZ516021_United-Kingdom_2018	B.D.3.2.1
MZ515672_United-Kingdom_2019	B.D.3.2.1
MZ515756_United-Kingdom_2018	B.D.3.2.1
MZ516056_Spain_2020	B.D.3.2.1
OM857392_Australia_2020	B.D.3.2.1
MZ515759_United-Kingdom_2018	B.D.3.2.1
MZ515779_United-Kingdom_2018	B.D.3.2.1
MZ515707_United-Kingdom_2018	B.D.3.2.1
EPI-ISL-15067702_Argentina_2018	B.D.3.2.1
EPI-ISL-11055769_South-Africa_2021	B.D.3.2.1
EPI-ISL-12529655_South-Africa_2021	B.D.3.2.1
OQ331212_USA_2019	B.D.3.2.1
OQ331214_USA_2019	B.D.3.2.1
MZ515605_Netherlands_2019	B.D.3.2.1
EPI-ISL-6314659_China_2021	B.D.3.2.1
MZ515562_Netherlands_2018	B.D.3.2.1
EPI-ISL-15120789_Morocco_2019	B.D.3.2.1
MZ515584_United-Kingdom_2018	B.D.3.2.1
MZ516061_United-Kingdom_2018	B.D.3.2.1
MT373703_Russia_2019	B.D.3.2.1
EPI-ISL-16881192_Scotland_2022	B.D.3.2.1
EPI-ISL-16881193_Scotland_2022	B.D.3.2.1
EPI-ISL-16881207_Scotland_2022	B.D.3.2.1
EPI-ISL-16881205_Scotland_2022	B.D.3.2.1
EPI-ISL-16881191_Scotland_2022	B.D.3.2.1
EPI-ISL-16714580_England_2022	B.D.3.2.1
EPI-ISL-16714623_England_2021	B.D.3.2.1
EPI-ISL-16714640_England_2021	B.D.3.2.1
EPI-ISL-16714572_England_2022	B.D.3.2.1
EPI-ISL-16881194_Scotland_2022	B.D.3.2.1
EPI-ISL-16881195_Scotland_2022	B.D.3.2.1
EPI-ISL-16714663_England_2021	B.D.3.2.1
EPI-ISL-16714733_England_2022	B.D.3.2.1
EPI-ISL-16714330_England_2021	B.D.3.2.1
EPI-ISL-16714634_England_2021	B.D.3.2.1
EPI-ISL-16714629_England_2021	B.D.3.2.1
EPI-ISL-16714650_England_2021	B.D.3.2.1
EPI-ISL-16737034_England_2021	B.D.3.2.1
EPI-ISL-16714626_England_2021	B.D.3.2.1
EPI-ISL-16714651_England_2021	B.D.3.2.1
EPI-ISL-16714359_England_2021	B.D.3.2.1
EPI-ISL-16714647_England_2021	B.D.3.2.1
EPI-ISL-16714612_England_2021	B.D.3.2.1
EPI-ISL-16714597_England_2021	B.D.3.2.1
EPI-ISL-16714421_England_2021	B.D.3.2.1
EPI-ISL-16714645_England_2021	B.D.3.2.1
EPI-ISL-16714305_England_2022	B.D.3.2.1
EPI-ISL-16714665_England_2021	B.D.3.2.1
EPI-ISL-16714687_England_2021	B.D.3.2.1
EPI-ISL-15120793_Morocco_2019	B.D.3.2.1
MZ515775_United-Kingdom_2018	B.D.3.2.1
MZ515846_United-Kingdom_2018	B.D.3.2.1
EPI-ISL-12544916_Vietnam_2017	B.D.3.2.1
MZ515839_United-Kingdom_2019	B.D.3.2.1
MZ515807_United-Kingdom_2018	B.D.3.2.1
MZ516062_Netherlands_2018	B.D.3.2.1
EPI-ISL-16714600_England_2021	B.D.3.2.1
EPI-ISL-16714613_England_2021	B.D.3.2.1
EPI-ISL-16714610_England_2021	B.D.3.2.1
EPI-ISL-16714599_England_2021	B.D.3.2.1
EPI-ISL-16714598_England_2021	B.D.3.2.1
MT373705_Russia_2019	B.D.3.2.1
EPI-ISL-12970406_Philippines_2019	B.D.3.2.1
MZ515656_Spain_2019	B.D.3.2.1
EPI-ISL-12970402_Philippines_2019	B.D.3.2.1
EPI-ISL-12970410_Philippines_2019	B.D.3.2.1
MZ516065_United-Kingdom_2018	B.D.3.2.1
EPI-ISL-11055803_South-Africa_2021	B.D.3.2.1
EPI-ISL-12529660_South-Africa_2021	B.D.3.2.1
EPI-ISL-12529659_South-Africa_2021	B.D.3.2.1
EPI-ISL-11055804_South-Africa_2021	B.D.3.2.1
EPI-ISL-11055793_South-Africa_2021	B.D.3.2.1
EPI-ISL-11055787_South-Africa_2021	B.D.3.2.1
EPI-ISL-11055770_South-Africa_2021	B.D.3.2.1
MZ515636_United-Kingdom_2019	B.D.3.2.1
MZ515903_United-Kingdom_2019	B.D.3.2.1
MZ515820_United-Kingdom_2018	B.D.3.2.1
MZ515812_United-Kingdom_2018	B.D.3.2.1
MZ515658_Netherlands_2018	B.D.3.2.1
MZ515845_Netherlands_2018	B.D.3.2.1
MZ515944_Netherlands_2018	B.D.3.2.1
MZ515883_Netherlands_2018	B.D.3.2.1
MZ515762_United-Kingdom_2018	B.D.3.2.1
MZ516051_United-Kingdom_2018	B.D.3.2.1
MT107528_Switzerland_2019	B.D.3.2.1
EPI-ISL-15895059_Brazil_2021	B.D.3.2.1
MZ515974_Netherlands_2018	B.D.3.2.1
MZ515972_Spain_2020	B.D.3.2.1
MZ516140_Spain_2019	B.D.3.2.1
MZ516143_Spain_2019	B.D.3.2.1
MZ515827_Spain_2019	B.D.3.2.1
MZ515872_Spain_2020	B.D.3.2.1
MZ515715_Spain_2020	B.D.3.2.1
MZ515863_Spain_2019	B.D.3.2.1
EPI-ISL-6314466_China_2021	B.D.3.2.1
MZ515560_Netherlands_2019	B.D.3.2.1
MZ515699_Netherlands_2020	B.D.3.2.1
OM857375_Australia_2020	B.D.3.2.1
MZ151849_Russia_2019	B.D.3.2.1
MZ151851_Russia_2019	B.D.3.2.1
OM857373_Australia_2019	B.D.3.2.1
MZ515607_United-Kingdom_2019	B.D.3.2.1
MZ515791_United-Kingdom_2019	B.D.3.2.1
OQ331215_USA_2020	B.D.3.2.1
OQ331216_USA_2019	B.D.3.2.1
MZ516049_United-Kingdom_2020	B.D.3.2.1
EPI-ISL-16714298_England_2021	B.D.3.2.1.3
EPI-ISL-16737035_England_2021	B.D.3.2.1.3
EPI-ISL-16714385_England_2021	B.D.3.2.1.3
EPI-ISL-16714683_England_2021	B.D.3.2.1.3
EPI-ISL-16714353_England_2021	B.D.3.2.1.3
EPI-ISL-16714358_England_2021	B.D.3.2.1.3
EPI-ISL-16533866_Austria_2022	B.D.3.2.1.3
EPI-ISL-16714672_England_2021	B.D.3.2.1.3
EPI-ISL-16714384_England_2021	B.D.3.2.1.3
EPI-ISL-16714615_England_2021	B.D.3.2.1.3
EPI-ISL-16714637_England_2021	B.D.3.2.1.3
EPI-ISL-16714627_England_2021	B.D.3.2.1.3
EPI-ISL-16714679_England_2021	B.D.3.2.1.3
EPI-ISL-16714422_England_2021	B.D.3.2.1.3
EPI-ISL-6268606_China_2020	B.D.3.2.1
EPI-ISL-6268618_China_2020	B.D.3.2.1
EPI-ISL-6268437_China_2020	B.D.3.2.1
OM857393_Australia_2020	B.D.3.2.1
EPI-ISL-6268595_China_2020	B.D.3.2.1
EPI-ISL-6268627_China_2021	B.D.3.2.1
EPI-ISL-6268596_China_2020	B.D.3.2.1
EPI-ISL-6268598_China_2020	B.D.3.2.1
EPI-ISL-12544917_Vietnam_2018	B.D.3.2.1
EPI-ISL-15055348_Argentina_2018	B.D.3.2.1
MZ515590_United-Kingdom_2019	B.D.3.2.1
EPI-ISL-15896231_Australia_2022	B.D.3.2.1
EPI-ISL-6268594_China_2020	B.D.3.2.1
EPI-ISL-12970404_Philippines_2019	B.D.3.2.1
EPI-ISL-12970424_Philippines_2019	B.D.3.2.1
EPI-ISL-6314658_China_2021	B.D.3.2.1
EPI-ISL-6314662_China_2021	B.D.3.2.1
MZ515553_United-Kingdom_2019	B.D.3.2.1
EPI-ISL-6268611_China_2020	B.D.3.2.1
EPI-ISL-6268617_China_2020	B.D.3.2.1.2
EPI-ISL-6268621_China_2021	B.D.3.2.1.2
EPI-ISL-6268622_China_2021	B.D.3.2.1.2
EPI-ISL-6268599_China_2020	B.D.3.2.1.2
EPI-ISL-6314585_China_2021	B.D.3.2.1.2
EPI-ISL-6268607_China_2020	B.D.3.2.1.2
OM857390_Australia_2020	B.D.3.2.1.2
EPI-ISL-17066822_Australia_2022	B.D.3.2.1.2
MZ516102_United-Kingdom_2019	B.D.3.2.1.2
MZ515558_Netherlands_2018	B.D.3.2.1.2
MZ516135_Netherlands_2018	B.D.3.2.1.2
EPI-ISL-6268455_China_2020	B.D.3.2.1.2
MZ515938_Spain_2019	B.D.3.2.1.2
EPI-ISL-6268456_China_2020	B.D.3.2.1.2
EPI-ISL-6314661_China_2021	B.D.3.2.1.2
EPI-ISL-6268625_China_2021	B.D.3.2.1.2
EPI-ISL-16714666_England_2021	B.D.3.2.1.2
MZ515997_Netherlands_2018	B.D.3.2.1.2
EPI-ISL-6314463_China_2021	B.D.3.2.1.2
OM857380_Australia_2020	B.D.3.2.1.2
EPI-ISL-6268626_China_2021	B.D.3.2.1
EPI-ISL-15055350_Argentina_2019	B.D.3.2.1
MZ515830_United-Kingdom_2019	B.D.3.2.1
MZ515975_Netherlands_2019	B.D.3.2.1
OM857381_Australia_2020	B.D.3.2.1
EPI-ISL-6268612_China_2020	B.D.3.2.1
EPI-ISL-16289246_Vietnam_2020	B.D.3.2.1
EPI-ISL-16714578_England_2022	B.D.3.2.1
EPI-ISL-16714389_England_2021	B.D.3.2.1
EPI-ISL-11055765_South-Africa_2021	B.D.3.2.1
MZ515837_United-Kingdom_2019	B.D.3.2.1
EPI-ISL-17066778_Australia_2022	B.D.3.2.1
MZ516054_Spain_2019	B.D.3.2.1
EPI-ISL-15067696_Argentina_2018	B.D.3.2.1
EPI-ISL-15067709_Argentina_2018	B.D.3.2.1
MZ515732_United-Kingdom_2019	B.D.3.2.1
MZ515871_United-Kingdom_2019	B.D.3.2.1
MZ516098_United-Kingdom_2018	B.D.3.2.1
MZ515799_Netherlands_2019	B.D.3.2.1
MZ515990_Netherlands_2019	B.D.3.2.1
MZ515771_Spain_2018	B.D.3.2.1
MW020595_Australia_2018	B.D.3.2.1
EPI-ISL-11055794_South-Africa_2021	B.D.3.2.1
EPI-ISL-11055802_South-Africa_2021	B.D.3.2.1
EPI-ISL-11055766_South-Africa_2021	B.D.3.2.1
EPI-ISL-12529656_South-Africa_2021	B.D.3.2.1
EPI-ISL-11055792_South-Africa_2021	B.D.3.2.1
EPI-ISL-15895095_Brazil_2022	B.D.3.2.1
OQ331218_USA_2019	B.D.3.2.1
OM857369_Australia_2019	B.D.3.2.1
EPI-ISL-15120788_Morocco_2019	B.D.3.2.1
MZ515824_United-Kingdom_2018	B.D.3.2.1
MZ516030_Spain_2019	B.D.3.2.1
MZ516122_Spain_2019	B.D.3.2.1
EPI-ISL-15067700_Argentina_2018	B.D.3.2.1
EPI-ISL-15067708_Argentina_2018	B.D.3.2.1
EPI-ISL-15067701_Argentina_2018	B.D.3.2.1
EPI-ISL-15067710_Argentina_2018	B.D.3.2.1
EPI-ISL-15067695_Argentina_2018	B.D.3.2.1
EPI-ISL-15067704_Argentina_2018	B.D.3.2.1
OP975389_Australia_2019	B.D.3.2.1
EPI-ISL-17177049_Bosnia-and-Herzegovina_2022	B.D.3.2.1
OQ261743_Austria_2022	B.D.3.2.1
EPI-ISL-16714646_England_2021	B.D.3.2.1
OM857370_Australia_2020	B.D.3.2.1
MZ515823_United-Kingdom_2019	B.D.3.2.1
EPI-ISL-12970400_Philippines_2019	B.D.3.2.1
EPI-ISL-15895128_Brazil_2019	B.D.3.2.1
LR699744_Spain_2017	B.D.3.2.1
MT373704_Russia_2019	B.D.3.2.1
MZ515748_Spain_2019	B.D.3.2.1
MZ516114_Spain_2019	B.D.3.2.1
EPI-ISL-10914987_Australia_2018	B.D.3.2.1
MZ515660_Netherlands_2018	B.D.3.2.1
MZ516059_Netherlands_2019	B.D.3.2.1
MZ515786_United-Kingdom_2019	B.D.3.2.1
MZ515904_United-Kingdom_2020	B.D.3.2.1
MZ515895_United-Kingdom_2019	B.D.3.2.1
MZ515712_United-Kingdom_2019	B.D.3.2.1
MZ516139_United-Kingdom_2019	B.D.3.2.1
MZ515677_United-Kingdom_2019	B.D.3.2.1
MZ516123_United-Kingdom_2019	B.D.3.2.1
OM857371_Australia_2019	B.D.3.2.1
OM857372_Australia_2020	B.D.3.2.1
EPI-ISL-11817047_Australia_2021	B.D.3.2.1
EPI-ISL-11817048_Australia_2021	B.D.3.2.1
EPI-ISL-11817060_Australia_2021	B.D.3.2.1
EPI-ISL-11817018_Australia_2021	B.D.3.2.1
EPI-ISL-11817022_Australia_2021	B.D.3.2.1
EPI-ISL-15774040_Australia_2021	B.D.3.2.1
EPI-ISL-15774051_Australia_2021	B.D.3.2.1
EPI-ISL-11817068_Australia_2021	B.D.3.2.1
EPI-ISL-11817058_Australia_2021	B.D.3.2.1
EPI-ISL-11817081_Australia_2021	B.D.3.2.1
EPI-ISL-15774028_Australia_2021	B.D.3.2.1
EPI-ISL-11817122_Australia_2020	B.D.3.2.1
EPI-ISL-11817035_Australia_2021	B.D.3.2.1
EPI-ISL-11817077_Australia_2021	B.D.3.2.1
EPI-ISL-11817079_Australia_2021	B.D.3.2.1
EPI-ISL-11817044_Australia_2021	B.D.3.2.1
EPI-ISL-11817040_Australia_2021	B.D.3.2.1
EPI-ISL-15774019_Australia_2021	B.D.3.2.1
EPI-ISL-11817133_Australia_2021	B.D.3.2.1
EPI-ISL-11817034_Australia_2021	B.D.3.2.1
EPI-ISL-15774069_Australia_2021	B.D.3.2.1
EPI-ISL-15774044_Australia_2021	B.D.3.2.1
EPI-ISL-11817073_Australia_2021	B.D.3.2.1
EPI-ISL-15774055_Australia_2021	B.D.3.2.1
EPI-ISL-15773988_Australia_2021	B.D.3.2.1
EPI-ISL-11817123_Australia_2020	B.D.3.2.1
EPI-ISL-11055783_South-Africa_2022	B.D.3.2.1
EPI-ISL-14769860_South-Africa_2022	B.D.3.2.1
EPI-ISL-15728620_South-Africa_2022	B.D.3.2.1
EPI-ISL-16672806_England_2022	B.D.3.2.1
EPI-ISL-12529654_South-Africa_2021	B.D.3.2.1
EPI-ISL-11055795_South-Africa_2021	B.D.3.2.1
EPI-ISL-11055801_South-Africa_2021	B.D.3.2.1
MZ515653_United-Kingdom_2018	B.D.3.2.1
MZ516105_United-Kingdom_2019	B.D.3.2.1
MZ515751_United-Kingdom_2018	B.D.3.2.1
EPI-ISL-17066806_Australia_2022	B.D.3.2.1.4
EPI-ISL-17066829_Australia_2022	B.D.3.2.1.4
EPI-ISL-15896210_Australia_2022	B.D.3.2.1.4
EPI-ISL-17066810_Australia_2022	B.D.3.2.1.4
EPI-ISL-16714788_Australia_2022	B.D.3.2.1.4
EPI-ISL-15896264_Australia_2022	B.D.3.2.1.4
EPI-ISL-15896238_Australia_2022	B.D.3.2.1.4
EPI-ISL-16714759_Australia_2022	B.D.3.2.1.4
EPI-ISL-15896204_Australia_2022	B.D.3.2.1.4
EPI-ISL-17066801_Australia_2022	B.D.3.2.1.4
EPI-ISL-17066783_Australia_2022	B.D.3.2.1.4
EPI-ISL-15896299_Australia_2022	B.D.3.2.1.4
EPI-ISL-15896271_Australia_2022	B.D.3.2.1.4
EPI-ISL-17066809_Australia_2022	B.D.3.2.1.4
EPI-ISL-15896255_Australia_2022	B.D.3.2.1.4
EPI-ISL-15896286_Australia_2022	B.D.3.2.1.4
EPI-ISL-16714784_Australia_2022	B.D.3.2.1.4
EPI-ISL-15896232_Australia_2022	B.D.3.2.1.4
EPI-ISL-15896265_Australia_2022	B.D.3.2.1.4
EPI-ISL-15896263_Australia_2022	B.D.3.2.1.4
EPI-ISL-15896242_Australia_2022	B.D.3.2.1.4
EPI-ISL-15896209_Australia_2022	B.D.3.2.1.4
EPI-ISL-15896269_Australia_2022	B.D.3.2.1.4
EPI-ISL-15896140_Australia_2022	B.D.3.2.1.4
EPI-ISL-16714753_Australia_2022	B.D.3.2.1.4
EPI-ISL-15896245_Australia_2022	B.D.3.2.1.4
EPI-ISL-15896276_Australia_2022	B.D.3.2.1.4
EPI-ISL-15896205_Australia_2022	B.D.3.2.1.4
EPI-ISL-15896157_Australia_2022	B.D.3.2.1.4
EPI-ISL-16714783_Australia_2022	B.D.3.2.1.4
EPI-ISL-17066803_Australia_2022	B.D.3.2.1.4
EPI-ISL-15896239_Australia_2022	B.D.3.2.1.4
EPI-ISL-15896206_Australia_2022	B.D.3.2.1.4
EPI-ISL-15896262_Australia_2022	B.D.3.2.1.4
EPI-ISL-15896270_Australia_2022	B.D.3.2.1.4
EPI-ISL-17066812_Australia_2022	B.D.3.2.1.4
EPI-ISL-17066786_Australia_2022	B.D.3.2.1.4
EPI-ISL-15896268_Australia_2022	B.D.3.2.1.4
EPI-ISL-15896216_Australia_2022	B.D.3.2.1.4
EPI-ISL-16714798_Australia_2022	B.D.3.2.1.4
EPI-ISL-15896240_Australia_2022	B.D.3.2.1.4
EPI-ISL-15896163_Australia_2022	B.D.3.2.1.4
EPI-ISL-15896190_Australia_2022	B.D.3.2.1.4
EPI-ISL-17066798_Australia_2022	B.D.3.2.1.4
EPI-ISL-15896173_Australia_2022	B.D.3.2.1.4
EPI-ISL-15896153_Australia_2022	B.D.3.2.1.4
EPI-ISL-15896147_Australia_2022	B.D.3.2.1.4
EPI-ISL-15896233_Australia_2022	B.D.3.2.1.4
EPI-ISL-17066791_Australia_2022	B.D.3.2.1.4
EPI-ISL-17066815_Australia_2022	B.D.3.2.1.4
EPI-ISL-16714793_Australia_2022	B.D.3.2.1.4
EPI-ISL-15896235_Australia_2022	B.D.3.2.1.4
EPI-ISL-17066799_Australia_2022	B.D.3.2.1.4
EPI-ISL-15896267_Australia_2022	B.D.3.2.1.4
EPI-ISL-15896208_Australia_2022	B.D.3.2.1.4
EPI-ISL-15896185_Australia_2022	B.D.3.2.1.4
EPI-ISL-16714768_Australia_2022	B.D.3.2.1.4
EPI-ISL-17066805_Australia_2022	B.D.3.2.1.4
EPI-ISL-17066808_Australia_2022	B.D.3.2.1.4
EPI-ISL-17066787_Australia_2022	B.D.3.2.1.4
EPI-ISL-17066816_Australia_2022	B.D.3.2.1.4
EPI-ISL-17066818_Australia_2022	B.D.3.2.1.4
EPI-ISL-15896290_Australia_2022	B.D.3.2.1.4
EPI-ISL-15896256_Australia_2022	B.D.3.2.1.4
EPI-ISL-16714777_Australia_2022	B.D.3.2.1.4
EPI-ISL-15896282_Australia_2022	B.D.3.2.1.4
EPI-ISL-15896251_Australia_2022	B.D.3.2.1.4
EPI-ISL-16714772_Australia_2022	B.D.3.2.1.4
EPI-ISL-15896278_Australia_2022	B.D.3.2.1.4
EPI-ISL-15896248_Australia_2022	B.D.3.2.1.4
EPI-ISL-16714796_Australia_2022	B.D.3.2.1.4
EPI-ISL-15896289_Australia_2022	B.D.3.2.1.4
EPI-ISL-15896298_Australia_2022	B.D.3.2.1.4
EPI-ISL-15896272_Australia_2022	B.D.3.2.1.4
EPI-ISL-17066794_Australia_2022	B.D.3.2.1.4
EPI-ISL-15896291_Australia_2022	B.D.3.2.1.4
EPI-ISL-16714761_Australia_2022	B.D.3.2.1.4
EPI-ISL-15896285_Australia_2022	B.D.3.2.1.4
EPI-ISL-16714785_Australia_2022	B.D.3.2.1.4
EPI-ISL-16714792_Australia_2022	B.D.3.2.1.4
EPI-ISL-17066826_Australia_2022	B.D.3.2.1.4
EPI-ISL-15896292_Australia_2022	B.D.3.2.1.4
EPI-ISL-15896217_Australia_2022	B.D.3.2.1.4
EPI-ISL-16714782_Australia_2022	B.D.3.2.1.4
EPI-ISL-15896277_Australia_2022	B.D.3.2.1.4
EPI-ISL-15896221_Australia_2022	B.D.3.2.1.4
EPI-ISL-15896196_Australia_2022	B.D.3.2.1.4
EPI-ISL-15896197_Australia_2022	B.D.3.2.1.4
EPI-ISL-15896275_Australia_2022	B.D.3.2.1.4
EPI-ISL-15896214_Australia_2022	B.D.3.2.1.4
EPI-ISL-16714751_Australia_2022	B.D.3.2.1.4
EPI-ISL-15896215_Australia_2022	B.D.3.2.1.4
EPI-ISL-15896273_Australia_2022	B.D.3.2.1.4
EPI-ISL-15896293_Australia_2022	B.D.3.2.1.4
EPI-ISL-15896296_Australia_2022	B.D.3.2.1.4
EPI-ISL-15896297_Australia_2022	B.D.3.2.1.4
EPI-ISL-15896241_Australia_2022	B.D.3.2.1.4
EPI-ISL-15896201_Australia_2022	B.D.3.2.1.4
EPI-ISL-16714794_Australia_2022	B.D.3.2.1.4
EPI-ISL-15896244_Australia_2022	B.D.3.2.1.4
EPI-ISL-16714756_Australia_2022	B.D.3.2.1.4
EPI-ISL-16714787_Australia_2022	B.D.3.2.1.4
EPI-ISL-15896243_Australia_2022	B.D.3.2.1.4
EPI-ISL-15896212_Australia_2022	B.D.3.2.1.4
EPI-ISL-16714752_Australia_2022	B.D.3.2.1.4
EPI-ISL-16714755_Australia_2022	B.D.3.2.1.4
EPI-ISL-15896165_Australia_2022	B.D.3.2.1.4
EPI-ISL-15896237_Australia_2022	B.D.3.2.1.4
EPI-ISL-15896180_Australia_2022	B.D.3.2.1.4
EPI-ISL-15896247_Australia_2022	B.D.3.2.1.4
EPI-ISL-15896184_Australia_2022	B.D.3.2.1.4
EPI-ISL-16714801_Australia_2022	B.D.3.2.1.4
EPI-ISL-15896219_Australia_2022	B.D.3.2.1.4
EPI-ISL-15896300_Australia_2022	B.D.3.2.1.4
EPI-ISL-15896246_Australia_2022	B.D.3.2.1.4
EPI-ISL-15896228_Australia_2022	B.D.3.2.1.4
EPI-ISL-15896142_Australia_2022	B.D.3.2.1.4
EPI-ISL-15896154_Australia_2022	B.D.3.2.1.4
EPI-ISL-15896266_Australia_2022	B.D.3.2.1.4
EPI-ISL-16714750_Australia_2022	B.D.3.2.1.4
EPI-ISL-15896225_Australia_2022	B.D.3.2.1.4
EPI-ISL-17066823_Australia_2022	B.D.3.2.1.4
EPI-ISL-16959675_New-Zealand_2021	B.D.3.2.1.4
EPI-ISL-15896254_Australia_2022	B.D.3.2.1.4
EPI-ISL-16714813_Australia_2022	B.D.3.2.1.4
EPI-ISL-15896283_Australia_2022	B.D.3.2.1.4
EPI-ISL-16714812_Australia_2022	B.D.3.2.1.4
EPI-ISL-17066785_Australia_2022	B.D.3.2.1.4
EPI-ISL-16714802_Australia_2022	B.D.3.2.1.4
EPI-ISL-15896227_Australia_2022	B.D.3.2.1.4
EPI-ISL-16714804_Australia_2022	B.D.3.2.1.4
EPI-ISL-16714764_Australia_2022	B.D.3.2.1.4
EPI-ISL-16714765_Australia_2022	B.D.3.2.1.4
EPI-ISL-15896260_Australia_2022	B.D.3.2.1.4
EPI-ISL-16714757_Australia_2022	B.D.3.2.1.4
EPI-ISL-15896281_Australia_2022	B.D.3.2.1.4
EPI-ISL-16714767_Australia_2022	B.D.3.2.1.4
EPI-ISL-16714807_Australia_2022	B.D.3.2.1.4
EPI-ISL-17066825_Australia_2022	B.D.3.2.1.4
EPI-ISL-15896288_Australia_2022	B.D.3.2.1.4
EPI-ISL-16714776_Australia_2022	B.D.3.2.1.4
EPI-ISL-16714775_Australia_2022	B.D.3.2.1.4
EPI-ISL-16714771_Australia_2022	B.D.3.2.1.4
EPI-ISL-15896259_Australia_2022	B.D.3.2.1.4
EPI-ISL-16714778_Australia_2022	B.D.3.2.1.4
EPI-ISL-17066781_Australia_2022	B.D.3.2.1.4
EPI-ISL-15896253_Australia_2022	B.D.3.2.1.4
EPI-ISL-15896192_Australia_2022	B.D.3.2.1.4
EPI-ISL-15896279_Australia_2022	B.D.3.2.1.4
EPI-ISL-15896226_Australia_2022	B.D.3.2.1.4
EPI-ISL-16881200_Scotland_2022	B.D.3.2.1.4
EPI-ISL-16960043_New-Zealand_2021	B.D.3.2.1.4
EPI-ISL-16959755_New-Zealand_2021	B.D.3.2.1.4
EPI-ISL-16959936_New-Zealand_2021	B.D.3.2.1.4
EPI-ISL-16959705_New-Zealand_2021	B.D.3.2.1.4
EPI-ISL-16960040_New-Zealand_2021	B.D.3.2.1.4
EPI-ISL-16959878_New-Zealand_2021	B.D.3.2.1.4
EPI-ISL-16959678_New-Zealand_2021	B.D.3.2.1.4
EPI-ISL-16960041_New-Zealand_2021	B.D.3.2.1.4
EPI-ISL-16959941_New-Zealand_2021	B.D.3.2.1.4
EPI-ISL-16959893_New-Zealand_2021	B.D.3.2.1.4
EPI-ISL-16959906_New-Zealand_2021	B.D.3.2.1.4
EPI-ISL-16959480_New-Zealand_2021	B.D.3.2.1.4
EPI-ISL-16959932_New-Zealand_2021	B.D.3.2.1.4
EPI-ISL-16960105_New-Zealand_2021	B.D.3.2.1.4
EPI-ISL-16959991_New-Zealand_2021	B.D.3.2.1.4
EPI-ISL-16960106_New-Zealand_2021	B.D.3.2.1.4
EPI-ISL-16959988_New-Zealand_2021	B.D.3.2.1.4
EPI-ISL-16959990_New-Zealand_2021	B.D.3.2.1.4
EPI-ISL-16959845_New-Zealand_2021	B.D.3.2.1.4
EPI-ISL-16960093_New-Zealand_2021	B.D.3.2.1.4
EPI-ISL-16960107_New-Zealand_2021	B.D.3.2.1.4
EPI-ISL-16960147_New-Zealand_2021	B.D.3.2.1.4
EPI-ISL-16960148_New-Zealand_2021	B.D.3.2.1.4
EPI-ISL-16960109_New-Zealand_2021	B.D.3.2.1.4
EPI-ISL-16959841_New-Zealand_2021	B.D.3.2.1.4
EPI-ISL-16960108_New-Zealand_2021	B.D.3.2.1.4
EPI-ISL-16960110_New-Zealand_2021	B.D.3.2.1.4
EPI-ISL-16959472_New-Zealand_2021	B.D.3.2.1.4
EPI-ISL-16959864_New-Zealand_2021	B.D.3.2.1.4
EPI-ISL-16959998_New-Zealand_2021	B.D.3.2.1.4
EPI-ISL-16960000_New-Zealand_2021	B.D.3.2.1.4
EPI-ISL-16960119_New-Zealand_2021	B.D.3.2.1.4
EPI-ISL-16960124_New-Zealand_2021	B.D.3.2.1.4
EPI-ISL-16960121_New-Zealand_2021	B.D.3.2.1.4
EPI-ISL-16959701_New-Zealand_2021	B.D.3.2.1.4
EPI-ISL-16959726_New-Zealand_2021	B.D.3.2.1.4
EPI-ISL-16959828_New-Zealand_2021	B.D.3.2.1.4
EPI-ISL-16959874_New-Zealand_2021	B.D.3.2.1.4
EPI-ISL-16960097_New-Zealand_2021	B.D.3.2.1.4
EPI-ISL-16959704_New-Zealand_2021	B.D.3.2.1.4
EPI-ISL-16959631_New-Zealand_2021	B.D.3.2.1.4
EPI-ISL-16959469_New-Zealand_2021	B.D.3.2.1.4
EPI-ISL-16960095_New-Zealand_2021	B.D.3.2.1.4
EPI-ISL-16960031_New-Zealand_2021	B.D.3.2.1.4
EPI-ISL-16960053_New-Zealand_2021	B.D.3.2.1.4
EPI-ISL-16960027_New-Zealand_2021	B.D.3.2.1.4
EPI-ISL-16959940_New-Zealand_2021	B.D.3.2.1.4
EPI-ISL-16959855_New-Zealand_2021	B.D.3.2.1.4
EPI-ISL-16959854_New-Zealand_2021	B.D.3.2.1.4
EPI-ISL-16960128_New-Zealand_2021	B.D.3.2.1.4
EPI-ISL-16959752_New-Zealand_2021	B.D.3.2.1.4
EPI-ISL-16960017_New-Zealand_2021	B.D.3.2.1.4
EPI-ISL-16959880_New-Zealand_2021	B.D.3.2.1.4
EPI-ISL-16960078_New-Zealand_2021	B.D.3.2.1.4
EPI-ISL-16959753_New-Zealand_2021	B.D.3.2.1.4
EPI-ISL-16959723_New-Zealand_2021	B.D.3.2.1.4
EPI-ISL-16959844_New-Zealand_2021	B.D.3.2.1.4
EPI-ISL-16959586_New-Zealand_2021	B.D.3.2.1.4
EPI-ISL-16959650_New-Zealand_2021	B.D.3.2.1.4
EPI-ISL-16959956_New-Zealand_2021	B.D.3.2.1.4
EPI-ISL-16959475_New-Zealand_2021	B.D.3.2.1.4
EPI-ISL-16960142_New-Zealand_2021	B.D.3.2.1.4
EPI-ISL-16959696_New-Zealand_2021	B.D.3.2.1.4
EPI-ISL-16960144_New-Zealand_2021	B.D.3.2.1.4
EPI-ISL-16959850_New-Zealand_2021	B.D.3.2.1.4
EPI-ISL-16959931_New-Zealand_2021	B.D.3.2.1.4
EPI-ISL-16959470_New-Zealand_2021	B.D.3.2.1.4
EPI-ISL-16959658_New-Zealand_2021	B.D.3.2.1.4
EPI-ISL-16959610_New-Zealand_2021	B.D.3.2.1.4
EPI-ISL-16959611_New-Zealand_2021	B.D.3.2.1.4
EPI-ISL-16959657_New-Zealand_2021	B.D.3.2.1.4
EPI-ISL-16959938_New-Zealand_2021	B.D.3.2.1.4
EPI-ISL-16960092_New-Zealand_2021	B.D.3.2.1.4
EPI-ISL-16960028_New-Zealand_2021	B.D.3.2.1.4
EPI-ISL-16959950_New-Zealand_2021	B.D.3.2.1.4
EPI-ISL-16960075_New-Zealand_2021	B.D.3.2.1.4
EPI-ISL-16960001_New-Zealand_2021	B.D.3.2.1.4
EPI-ISL-16960033_New-Zealand_2021	B.D.3.2.1.4
EPI-ISL-16960080_New-Zealand_2021	B.D.3.2.1.4
EPI-ISL-16959937_New-Zealand_2021	B.D.3.2.1.4
EPI-ISL-16959888_New-Zealand_2021	B.D.3.2.1.4
EPI-ISL-16960015_New-Zealand_2021	B.D.3.2.1.4
EPI-ISL-16960006_New-Zealand_2021	B.D.3.2.1.4
EPI-ISL-16959892_New-Zealand_2021	B.D.3.2.1.4
EPI-ISL-16959921_New-Zealand_2021	B.D.3.2.1.4
EPI-ISL-15774061_Australia_2021	B.D.3.2.1.4
EPI-ISL-11817074_Australia_2021	B.D.3.2.1.4
EPI-ISL-15774048_Australia_2021	B.D.3.2.1.4
OM857382_Australia_2021	B.D.3.2.1.4
EPI-ISL-11817057_Australia_2021	B.D.3.2.1.4
EPI-ISL-11817085_Australia_2021	B.D.3.2.1.4
EPI-ISL-15774037_Australia_2021	B.D.3.2.1.4
EPI-ISL-11817031_Australia_2021	B.D.3.2.1.4
EPI-ISL-11817054_Australia_2021	B.D.3.2.1.4
EPI-ISL-15774052_Australia_2021	B.D.3.2.1.4
EPI-ISL-11817037_Australia_2021	B.D.3.2.1.4
EPI-ISL-11817059_Australia_2021	B.D.3.2.1.4
EPI-ISL-11817067_Australia_2021	B.D.3.2.1.4
EPI-ISL-15774034_Australia_2021	B.D.3.2.1.4
EPI-ISL-11817063_Australia_2021	B.D.3.2.1.4
EPI-ISL-11817084_Australia_2021	B.D.3.2.1.4
OM857383_Australia_2021	B.D.3.2.1.4
OM857389_Australia_2020	B.D.3.2.1.4
EPI-ISL-16959498_New-Zealand_2021	B.D.3.2.1.4
EPI-ISL-16960067_New-Zealand_2021	B.D.3.2.1.4
EPI-ISL-16959558_New-Zealand_2021	B.D.3.2.1.4
EPI-ISL-16959786_New-Zealand_2021	B.D.3.2.1.4
EPI-ISL-16959891_New-Zealand_2021	B.D.3.2.1.4
EPI-ISL-16959898_New-Zealand_2021	B.D.3.2.1.4
EPI-ISL-16959853_New-Zealand_2021	B.D.3.2.1.4
EPI-ISL-16960145_New-Zealand_2021	B.D.3.2.1.4
EPI-ISL-16959896_New-Zealand_2021	B.D.3.2.1.4
EPI-ISL-16959912_New-Zealand_2021	B.D.3.2.1.4
EPI-ISL-16959529_New-Zealand_2021	B.D.3.2.1.4
EPI-ISL-16959911_New-Zealand_2021	B.D.3.2.1.4
EPI-ISL-16959527_New-Zealand_2021	B.D.3.2.1.4
EPI-ISL-16959521_New-Zealand_2021	B.D.3.2.1.4
EPI-ISL-16959929_New-Zealand_2021	B.D.3.2.1.4
EPI-ISL-16959494_New-Zealand_2021	B.D.3.2.1.4
EPI-ISL-16959811_New-Zealand_2021	B.D.3.2.1.4
EPI-ISL-16959513_New-Zealand_2021	B.D.3.2.1.4
EPI-ISL-16959477_New-Zealand_2021	B.D.3.2.1.4
EPI-ISL-16960018_New-Zealand_2021	B.D.3.2.1.4
EPI-ISL-16960019_New-Zealand_2021	B.D.3.2.1.4
EPI-ISL-16959505_New-Zealand_2021	B.D.3.2.1.4
EPI-ISL-16959993_New-Zealand_2021	B.D.3.2.1.4
EPI-ISL-16960116_New-Zealand_2021	B.D.3.2.1.4
EPI-ISL-16959812_New-Zealand_2021	B.D.3.2.1.4
EPI-ISL-16959900_New-Zealand_2021	B.D.3.2.1.4
EPI-ISL-16959815_New-Zealand_2021	B.D.3.2.1.4
EPI-ISL-16959524_New-Zealand_2021	B.D.3.2.1.4
EPI-ISL-16959903_New-Zealand_2021	B.D.3.2.1.4
EPI-ISL-16959519_New-Zealand_2021	B.D.3.2.1.4
EPI-ISL-16960150_New-Zealand_2021	B.D.3.2.1.4
EPI-ISL-16960134_New-Zealand_2021	B.D.3.2.1.4
EPI-ISL-16959506_New-Zealand_2021	B.D.3.2.1.4
EPI-ISL-16960135_New-Zealand_2021	B.D.3.2.1.4
EPI-ISL-16959785_New-Zealand_2021	B.D.3.2.1.4
EPI-ISL-16959935_New-Zealand_2021	B.D.3.2.1.4
EPI-ISL-16960146_New-Zealand_2021	B.D.3.2.1.4
EPI-ISL-16959488_New-Zealand_2021	B.D.3.2.1.4
EPI-ISL-16959797_New-Zealand_2021	B.D.3.2.1.4
EPI-ISL-16959805_New-Zealand_2021	B.D.3.2.1.4
EPI-ISL-16959517_New-Zealand_2021	B.D.3.2.1.4
EPI-ISL-16959493_New-Zealand_2021	B.D.3.2.1.4
EPI-ISL-16959499_New-Zealand_2021	B.D.3.2.1.4
EPI-ISL-16959487_New-Zealand_2021	B.D.3.2.1.4
EPI-ISL-16959897_New-Zealand_2021	B.D.3.2.1.4
EPI-ISL-16959791_New-Zealand_2021	B.D.3.2.1.4
EPI-ISL-16960138_New-Zealand_2021	B.D.3.2.1.4
EPI-ISL-16959523_New-Zealand_2021	B.D.3.2.1.4
EPI-ISL-16959930_New-Zealand_2021	B.D.3.2.1.4
EPI-ISL-16959502_New-Zealand_2021	B.D.3.2.1.4
EPI-ISL-16959518_New-Zealand_2021	B.D.3.2.1.4
EPI-ISL-16959894_New-Zealand_2021	B.D.3.2.1.4
EPI-ISL-16959794_New-Zealand_2021	B.D.3.2.1.4
EPI-ISL-16959984_New-Zealand_2021	B.D.3.2.1.4
EPI-ISL-16959489_New-Zealand_2021	B.D.3.2.1.4
EPI-ISL-16959909_New-Zealand_2021	B.D.3.2.1.4
EPI-ISL-16959476_New-Zealand_2021	B.D.3.2.1.4
EPI-ISL-16960096_New-Zealand_2021	B.D.3.2.1.4
EPI-ISL-16959560_New-Zealand_2021	B.D.3.2.1.4
EPI-ISL-16959795_New-Zealand_2021	B.D.3.2.1.4
EPI-ISL-16959804_New-Zealand_2021	B.D.3.2.1.4
EPI-ISL-16959491_New-Zealand_2021	B.D.3.2.1.4
EPI-ISL-16959913_New-Zealand_2021	B.D.3.2.1.4
EPI-ISL-16960020_New-Zealand_2021	B.D.3.2.1.4
EPI-ISL-16959520_New-Zealand_2021	B.D.3.2.1.4
EPI-ISL-16959796_New-Zealand_2021	B.D.3.2.1.4
EPI-ISL-16960133_New-Zealand_2021	B.D.3.2.1.4
EPI-ISL-16959992_New-Zealand_2021	B.D.3.2.1.4
EPI-ISL-16959917_New-Zealand_2021	B.D.3.2.1.4
EPI-ISL-16960009_New-Zealand_2021	B.D.3.2.1.4
EPI-ISL-16959801_New-Zealand_2021	B.D.3.2.1.4
EPI-ISL-16959902_New-Zealand_2021	B.D.3.2.1.4
EPI-ISL-16959839_New-Zealand_2021	B.D.3.2.1.4
EPI-ISL-16959876_New-Zealand_2021	B.D.3.2.1.4
EPI-ISL-16959875_New-Zealand_2021	B.D.3.2.1.4
EPI-ISL-16959763_New-Zealand_2021	B.D.3.2.1.4
EPI-ISL-16960035_New-Zealand_2021	B.D.3.2.1.4
EPI-ISL-16959760_New-Zealand_2021	B.D.3.2.1.4
EPI-ISL-16959939_New-Zealand_2021	B.D.3.2.1.4
EPI-ISL-16960063_New-Zealand_2021	B.D.3.2.1.4
EPI-ISL-16959716_New-Zealand_2021	B.D.3.2.1.4
EPI-ISL-16960122_New-Zealand_2021	B.D.3.2.1.4
EPI-ISL-16960126_New-Zealand_2021	B.D.3.2.1.4
EPI-ISL-16959739_New-Zealand_2021	B.D.3.2.1.4
EPI-ISL-16959516_New-Zealand_2021	B.D.3.2.1.4
EPI-ISL-16959790_New-Zealand_2021	B.D.3.2.1.4
EPI-ISL-16960127_New-Zealand_2021	B.D.3.2.1.4
EPI-ISL-16960143_New-Zealand_2021	B.D.3.2.1.4
EPI-ISL-16959996_New-Zealand_2021	B.D.3.2.1.4
EPI-ISL-16960123_New-Zealand_2021	B.D.3.2.1.4
EPI-ISL-17066792_Australia_2022	B.D.3.2.1.4
EPI-ISL-17066796_Australia_2022	B.D.3.2.1.4
EPI-ISL-15896207_Australia_2022	B.D.3.2.1.4
EPI-ISL-15896224_Australia_2022	B.D.3.2.1.4
EPI-ISL-15896220_Australia_2022	B.D.3.2.1.4
EPI-ISL-16714754_Australia_2022	B.D.3.2.1.4
EPI-ISL-15896236_Australia_2022	B.D.3.2.1.4
EPI-ISL-15896274_Australia_2022	B.D.3.2.1.4
EPI-ISL-11817098_Australia_2021	B.D.3.2.1.4
EPI-ISL-11817089_Australia_2021	B.D.3.2.1.4
EPI-ISL-16714762_Australia_2022	B.D.3.2.1.4
EPI-ISL-15896249_Australia_2022	B.D.3.2.1.4
EPI-ISL-15896284_Australia_2022	B.D.3.2.1.4
EPI-ISL-17066790_Australia_2022	B.D.3.2.1.4
EPI-ISL-11817087_Australia_2021	B.D.3.2.1.4
EPI-ISL-11817093_Australia_2021	B.D.3.2.1.4
EPI-ISL-11817131_Australia_2021	B.D.3.2.1.4
EPI-ISL-11817137_Australia_2021	B.D.3.2.1.4
EPI-ISL-11817132_Australia_2021	B.D.3.2.1.4
EPI-ISL-11817130_Australia_2021	B.D.3.2.1.4
EPI-ISL-11817134_Australia_2021	B.D.3.2.1.4
EPI-ISL-11817114_Australia_2020	B.D.3.2.1.4
EPI-ISL-11817121_Australia_2020	B.D.3.2.1.4
OM857387_Australia_2021	B.D.3.2.1.4
EPI-ISL-11817139_Australia_2021	B.D.3.2.1.4
OM857385_Australia_2021	B.D.3.2.1.4
EPI-ISL-11817033_Australia_2021	B.D.3.2.1.4
EPI-ISL-11817052_Australia_2021	B.D.3.2.1.4
EPI-ISL-15774036_Australia_2021	B.D.3.2.1.4
OM857388_Australia_2020	B.D.3.2.1.4
EPI-ISL-11817129_Australia_2020	B.D.3.2.1.4
OM857384_Australia_2021	B.D.3.2.1.4