name	Consortium20230715
EPI-ISL-15771591_USA_1994	A.1
EPI-ISL-15771595_USA_1995	A.1
EPI-ISL-15771598_USA_1995	A.1
EPI-ISL-15771587_USA_1994	A.1
EPI-ISL-15771609_USA_1995	A.1
EPI-ISL-15771603_USA_1995	A.1
MG642067_USA_1987	A.1
MG642038_USA_1985	A.1
MG642075_USA_1986	A.1
MG642069_USA_1985	A.1
MG642060_USA_1980	A.1
EPI-ISL-15771600_USA_1956	A.1
MG642040_USA_1980	A.2
MG642058_USA_1980	A.2
MG642032_USA_1980	A.2
MG642028_USA_1980	A.2
MG642024_USA_1981	A.2
MG642079_USA_1982	A.2
MG642083_USA_1987	A.2
MG642052_USA_1994	A.2
MG642061_USA_1994	A.2
EPI-ISL-15771611_USA_1995	A.2
EPI-ISL-15771615_USA_1993	A.2
KJ627695_USA_2001	A.2
MG642055_USA_1990	A.2
EPI-ISL-15771604_USA_1995	A.2
MG642074_USA_1980	A
KJ627676_USA_2001	A.2.1
KJ627708_USA_2001	A.2.1
KJ627670_USA_2003	A.2.1
KJ627671_USA_2003	A.2.1
KJ627663_USA_2003	A.2.1
KJ627657_USA_2003	A.2.1
KJ627723_USA_2004	A.2.1
KJ627727_USA_2003	A.2.1
KJ627731_USA_2003	A.2.1
KJ627733_USA_2003	A.2.1
KJ627652_USA_2002	A.2.1
KJ627672_USA_2001	A.2.1
KJ627674_USA_2001	A.2.1
KJ627673_USA_2001	A.2.1
KJ627688_USA_2001	A.2.1
KJ627689_USA_2001	A.2.1
KJ627710_USA_2001	A.2.1
KJ627693_USA_2001	A.2.1
KJ627685_USA_2001	A.2.1
KJ627686_USA_2001	A.2.1
KJ627704_USA_2001	A.2.1
KJ627705_USA_2001	A.2.1
KJ627678_USA_2001	A.2.1
KJ627682_USA_2001	A.2.1
KJ627656_USA_2003	A.2.1
MZ221191_China_2014	A.2.1
KJ627690_USA_2001	A.2.1
KJ627662_USA_2003	A.2.1.1
KJ627714_USA_2003	A.2.1.1
KJ627719_USA_2004	A.2.1.1
KJ627720_USA_2004	A.2.1.1
KJ627721_USA_2004	A.2.1.1
KJ627666_USA_2003	A.2.1.1
KJ627668_USA_2003	A.2.1.1
KJ627716_USA_2003	A.2.1.1
KJ627717_USA_2001	A.2.1.1
KJ627729_USA_2003	A.2.1.1
EPI-ISL-6494911_England_2009	A.2.1.1
EPI-ISL-6494783_England_2014	A.2.1.1
OK649646_Brazil_2010	A.2.1.1
EPI-ISL-15752021_Brazil_2010	A.2.1.1
EPI-ISL-15752024_Brazil_2010	A.2.1.1
OK649637_Brazil_2009	A.2.1.1
OK649608_Brazil_2008	A.2.1.1
EPI-ISL-15752082_Brazil_2008	A.2.1.1
OK649606_Brazil_2008	A.2.1.1
OK649635_Brazil_2009	A.2.1.1
OK649649_Brazil_2010	A.2.1.1
KF973338_USA_2002	A.2.1.1
KF973339_USA_2002	A.2.1.1
KF973335_USA_2002	A.2.1.1
KF973331_USA_2002	A.2.1.1
KF973334_USA_2002	A.2.1.1
KF973325_USA_2002	A.2.1.1
KF973340_USA_2002	A.2.1.1
KJ627649_USA_2001	A.2.1.1
KJ627654_USA_2002	A.2.1.1
MG027862_USA_2003	A.2.1.1
OK649617_Brazil_2008	A.2.1.1
OK649677_USA_2004	A.2.1.1
MG642035_USA_1984	A.3
MG642071_USA_1984	A.3
MG642063_USA_1982	A.3
MG642077_USA_1987	A.3
MG642070_USA_1986	A.3
EPI-ISL-15820267_Canada_1995	A.3
OK649678_USA_2005	A.3
EPI-ISL-15771601_USA_1994	A.3
MG642030_USA_1988	A.3
MG642034_USA_1985	A.3
MG642026_USA_1982	A.3
MG642081_USA_1982	A.3
MG642056_USA_1982	A.3
EPI-ISL-15771606_USA_1995	A.3
EPI-ISL-15771593_USA_1994	A.3
MG642080_USA_1994	A.3
MG642033_USA_1994	A.3
MG642050_USA_1994	A.3
EPI-ISL-15820268_Canada_1995	A.3
EPI-ISL-15771589_USA_1994	A.3
KJ627647_USA_2001	A.3
EPI-ISL-15820266_Canada_1995	A.3
EPI-ISL-15752079_Brazil_2008	A.3
OK649627_Brazil_2008	A.3
OK649612_Brazil_2008	A.3
OK649625_Brazil_2008	A.3
EPI-ISL-15752077_Brazil_2008	A.3
OK649614_Brazil_2008	A.3
OK649679_USA_2005	A.3
EPI-ISL-15752018_Kenya_2012	A.3
EPI-ISL-15752015_Kenya_2007	A.3
EPI-ISL-15752014_Kenya_2007	A.3
EPI-ISL-15752019_Kenya_2011	A.3
EPI-ISL-15752016_Kenya_2007	A.3
EPI-ISL-15752020_Kenya_2010	A.3
OK649642_Brazil_2010	A.3
EPI-ISL-15752081_Brazil_2008	A.3
EPI-ISL-15752023_Brazil_2010	A.3.1
OK649638_Brazil_2009	A.3.1
EPI-ISL-15752076_Brazil_2008	A.3.1
OK649634_Brazil_2008	A.3.1
OK649628_Brazil_2008	A.3.1
OK649618_Brazil_2008	A.3.1
OK649615_Brazil_2008	A.3.1
OK649603_Brazil_2008	A.3.1
OK649604_Brazil_2008	A.3.1
OK649605_Brazil_2008	A.3.1
OK649610_Brazil_2008	A.3.1
OK649613_Brazil_2008	A.3.1
OK649609_Brazil_2008	A.3.1
OK649611_Brazil_2008	A.3.1
OK649620_Brazil_2008	A.3.1
OK649630_Brazil_2008	A.3.1
OK649631_Brazil_2008	A.3.1
OK649616_Brazil_2008	A.3.1
OK649622_Brazil_2008	A.3.1
EPI-ISL-15752078_Brazil_2008	A.3.1
OK649607_Brazil_2008	A.3.1
OK649633_Brazil_2008	A.3.1
OK649629_Brazil_2008	A.3.1
EPI-ISL-15752080_Brazil_2008	A.3.1
OK649619_Brazil_2008	A.3.1
OK649632_Brazil_2008	A.3.1
OK649621_Brazil_2008	A.3.1
OK649626_Brazil_2008	A.3.1
OK649624_Brazil_2008	A.3.1
EPI-ISL-15752075_Brazil_2008	A.3.1
MF001047_USA_2015	A.3.1
EPI-ISL-15752017_Kenya_2007	A.3.1
OK649667_Kenya_2007	A.3.1
OK649623_Brazil_2008	A.3.1
MK109772_Jordan_2011	A.3.1.1
MK109777_Jordan_2011	A.3.1.1
MK109763_Jordan_2011	A.3.1.1
EPI-ISL-6494977_England_2012	A.3.1.1
MF001041_USA_2015	A.3.1.1
EPI-ISL-6494985_England_2013	A.3.1.1
KY654511_Philippines_2013	A.3.1.1
MH181883_Kenya_2012	A.3.1.1
MH181902_Kenya_2013	A.3.1.1
MH181904_Kenya_2013	A.3.1.1
MH181905_Kenya_2014	A.3.1.1
MH181878_Kenya_2011	A.3.1.1
EPI-ISL-15752026_Brazil_2010	A.3.1.1
OK649648_Brazil_2010	A.3.1.1
OK649645_Brazil_2010	A.3.1.1
OK649641_Brazil_2009	A.3.1.1
OK649643_Brazil_2010	A.3.1.1
OK649644_Brazil_2010	A.3.1.1
OK649650_Brazil_2010	A.3.1.1
EPI-ISL-15752022_Brazil_2010	A.3.1.1
MK109775_Jordan_2011	A.3.1.1
MK109774_Jordan_2011	A.3.1.1
MK109785_Jordan_2010	A.3.1.1
MF001054_USA_2015	A.3.1.1
MF001052_USA_2015	A.3.1.1
MK109776_Jordan_2011	A.3.1.1
MK109787_Jordan_2011	A.3.1.1
EPI-ISL-6494962_England_2012	A.3.1.1
EPI-ISL-15752025_Brazil_2010	A.3.1.1
MK109773_Jordan_2011	A.3.1.1
OK649636_Brazil_2009	A.3.1.1
KY782635_China_2009	A.3.1.1
OK649647_Brazil_2010	A.3.1.2
MF001043_USA_2015	A.3.1.2
EPI-ISL-6494957_England_2012	A.3.1.2
EPI-ISL-6494960_England_2012	A.3.1.2
KJ627738_USA_2013	A.3.1.2
MH181899_Kenya_2013	A.3.1.2
MH181906_Kenya_2015	A.3.1.2
ON237251_Argentina_2015	A.3.1.2
ON237255_Argentina_2015	A.3.1.2
ON237257_Argentina_2015	A.3.1.2
EPI-ISL-6494784_England_2014	A.3.1.2
EPI-ISL-6494973_England_2012	A.3.1.2
MF001050_USA_2015	A.3.1.2
MF001056_USA_2015	A.3.1.2
KY654507_Philippines_2012	A.3.1.2
KY654510_Philippines_2012	A.3.1.2
KY654508_Philippines_2012	A.3.1.2
KY654509_Philippines_2012	A.3.1.2
KY654506_Philippines_2012	A.3.1.2
MF001049_USA_2015	A.3.1.2
MF001051_USA_2015	A.3.1.2
OK649680_USA_2012	A.3.1.2
EPI-ISL-6494975_England_2012	A.3.1.2
OK649639_Brazil_2009	A.3.1.2
OK649640_Brazil_2009	A.3.1.2
MN630097_USA_2016	A.3.1.2
EPI-ISL-6494794_England_2014	A.D
MW582528_Germany_2015	A.D
MZ515967_Netherlands_2018	A.D
MZ515650_Netherlands_2019	A.D
MZ515681_United-Kingdom_2020	A.D
MZ221195_China_2014	A.D
MZ515620_Netherlands_2018	A.D
ON237276_Argentina_2016	A.D
ON237293_Argentina_2016	A.D
ON237287_Argentina_2016	A.D
EPI-ISL-15120778_Morocco_2017	A.D
EPI-ISL-16282716_Vietnam_2020	A.D
MN630093_USA_2016	A.D
MN630099_USA_2016	A.D
OK649681_USA_2012	A.D
EPI-ISL-12544918_Vietnam_2017	A.D
MZ515842_Spain_2020	A.D
MZ516057_Netherlands_2019	A.D
ON237298_Argentina_2017	A.D
EPI-ISL-12544919_Vietnam_2018	A.D
EPI-ISL-15120729_Morocco_2016	A.D
MZ515634_Netherlands_2019	A.D
ON237266_Argentina_2015	A.D
MZ516077_Netherlands_2017	A.D
ON237270_Argentina_2015	A.D
EPI-ISL-6494815_England_2016	A.D
EPI-ISL-6495009_England_2014	A.D
MF614946_China_2012	A.D
ON237246_Argentina_2015	A.D
ON237259_Argentina_2015	A.D
ON237306_Argentina_2017	A.D
ON237332_Argentina_2017	A.D
ON237244_Argentina_2014	A.D
ON237230_Argentina_2014	A.D
EPI-ISL-15120666_Morocco_2014	A.D
MK749895_Nicaragua_2016	A.D
MK749909_Nicaragua_2016	A.D
ON237269_Argentina_2015	A.D
MH447955_Thailand_2014	A.D
MH447956_Thailand_2014	A.D
MZ515819_United-Kingdom_2018	A.D
MZ516092_United-Kingdom_2018	A.D
MZ515600_United-Kingdom_2018	A.D
MZ516076_United-Kingdom_2018	A.D
MK749884_Nicaragua_2016	A.D
ON237228_Argentina_2014	A.D
EPI-ISL-15120680_Morocco_2015	A.D
EPI-ISL-15120690_Morocco_2015	A.D
EPI-ISL-15120683_Morocco_2015	A.D
EPI-ISL-15120682_Morocco_2015	A.D
EPI-ISL-15120676_Morocco_2014	A.D
EPI-ISL-15120674_Morocco_2014	A.D
EPI-ISL-15120677_Morocco_2014	A.D
ON237254_Argentina_2015	A.D
KJ627735_USA_2013	A.D
EPI-ISL-6494976_England_2012	A.D
EPI-ISL-6494983_England_2013	A.D
EPI-ISL-6494984_England_2013	A.D
ON237232_Argentina_2014	A.D
ON237238_Argentina_2014	A.D
MH447953_Thailand_2013	A.D
MH447954_Thailand_2013	A.D
ON237268_Argentina_2015	A.D
EPI-ISL-6494818_England_2016	A.D
OK649682_USA_2012	A.D
EPI-ISL-6494995_England_2013	A.D
EPI-ISL-15120678_Morocco_2015	A.D
EPI-ISL-15120679_Morocco_2015	A.D
ON237220_Argentina_2014	A.D
EPI-ISL-6494955_England_2012	A.D
KY982516_USA_2013	A.D
EPI-ISL-15120667_Morocco_2014	A.D
EPI-ISL-15120669_Morocco_2014	A.D
EPI-ISL-15120668_Morocco_2014	A.D
EPI-ISL-15120665_Morocco_2014	A.D
EPI-ISL-16960103_New-Zealand_2021	A.D
EPI-ISL-6495010_England_2014	A.D
KY982517_USA_2013	A.D
ON237225_Argentina_2014	A.D
ON237235_Argentina_2014	A.D
ON237252_Argentina_2015	A.D
ON237256_Argentina_2015	A.D
MZ515777_Spain_2019	A.D.1
MZ221198_China_2018	A.D.1
MZ515963_Spain_2019	A.D.1
OQ261747_Austria_2020	A.D.1
MZ515597_United-Kingdom_2019	A.D.1
MZ516090_Netherlands_2019	A.D.1
MZ515628_Netherlands_2019	A.D.1
MZ516024_Netherlands_2019	A.D.1
MZ515649_Netherlands_2019	A.D.1
MZ515744_Netherlands_2019	A.D.1
MZ515931_Netherlands_2019	A.D.1
MZ515971_Netherlands_2019	A.D.1
MZ515790_Netherlands_2019	A.D.1
MZ515789_Netherlands_2018	A.D.1
MZ516058_Netherlands_2017	A.D.1
ON237343_Argentina_2017	A.D.1
ON237349_Argentina_2017	A.D.1
ON237358_Argentina_2017	A.D.1
MZ515573_United-Kingdom_2020	A.D.1
ON237314_Argentina_2017	A.D.1
EPI-ISL-15055312_Argentina_2018	A.D.1
MZ516008_United-Kingdom_2018	A.D.1
MZ515945_Netherlands_2018	A.D.1
ON237313_Argentina_2017	A.D.1
ON237350_Argentina_2017	A.D.1
ON237344_Argentina_2017	A.D.1
ON237351_Argentina_2017	A.D.1
ON237316_Argentina_2017	A.D.1
MZ515689_United-Kingdom_2018	A.D.1
MZ515969_United-Kingdom_2019	A.D.1
MZ515929_United-Kingdom_2018	A.D.1
MZ515847_United-Kingdom_2018	A.D.1
MZ515966_United-Kingdom_2018	A.D.1
MZ515585_Spain_2018	A.D.1
MZ515984_Spain_2019	A.D.1
MZ516031_Spain_2019	A.D.1
MZ515583_Spain_2019	A.D.1
MZ515860_Spain_2019	A.D.1
MZ516033_Spain_2020	A.D.1
MZ515640_Spain_2019	A.D.1
MZ516011_Spain_2020	A.D.1
EPI-ISL-15055322_Argentina_2019	A.D.1
EPI-ISL-16132376_USA_2022	A.D.1
MZ151854_Russia_2020	A.D.1
EPI-ISL-16132369_USA_2022	A.D.1
EPI-ISL-16132345_USA_2022	A.D.1
EPI-ISL-16681323_USA_2022	A.D.1
EPI-ISL-16839033_Scotland_2022	A.D.1
EPI-ISL-15896155_Australia_2022	A.D.1
EPI-ISL-16839037_Scotland_2022	A.D.1
MZ515706_Spain_2020	A.D.1
MZ515652_United-Kingdom_2018	A.D.1
MZ515685_United-Kingdom_2018	A.D.1
MZ515992_United-Kingdom_2018	A.D.1
MZ515755_United-Kingdom_2018	A.D.1
MZ515848_United-Kingdom_2018	A.D.1
MZ515951_United-Kingdom_2018	A.D.1
EPI-ISL-15055326_Argentina_2021	A.D.1
MZ516029_United-Kingdom_2019	A.D.1
EPI-ISL-15055316_Argentina_2019	A.D.1
EPI-ISL-16839034_Scotland_2022	A.D.1
KY967363_USA_2015	A.D.1
MZ515834_United-Kingdom_2019	A.D.1
MZ516073_United-Kingdom_2019	A.D.1
MZ515864_United-Kingdom_2019	A.D.1
MZ516137_United-Kingdom_2019	A.D.1
MZ515717_Netherlands_2019	A.D.1
MZ515941_Spain_2019	A.D.1
EPI-ISL-11817069_Australia_2021	A.D.1.1
EPI-ISL-11817076_Australia_2021	A.D.1.1
EPI-ISL-15774070_Australia_2021	A.D.1.1
EPI-ISL-11817046_Australia_2021	A.D.1.1
EPI-ISL-15774054_Australia_2021	A.D.1.1
EPI-ISL-15774065_Australia_2021	A.D.1.1
EPI-ISL-11817075_Australia_2021	A.D.1.1
EPI-ISL-15774024_Australia_2021	A.D.1.1
EPI-ISL-15774062_Australia_2021	A.D.1.1
EPI-ISL-11817083_Australia_2021	A.D.1.1
EPI-ISL-11817036_Australia_2021	A.D.1.1
EPI-ISL-15774067_Australia_2021	A.D.1.1
EPI-ISL-11817025_Australia_2021	A.D.1.1
EPI-ISL-15774066_Australia_2021	A.D.1.1
EPI-ISL-15774023_Australia_2021	A.D.1.1
EPI-ISL-11817023_Australia_2021	A.D.1.1
EPI-ISL-11817026_Australia_2021	A.D.1.1
EPI-ISL-15774043_Australia_2021	A.D.1.1
EPI-ISL-11817092_Australia_2021	A.D.1.1
EPI-ISL-11817053_Australia_2021	A.D.1.1
EPI-ISL-11817039_Australia_2021	A.D.1.1
EPI-ISL-11817061_Australia_2021	A.D.1.1
EPI-ISL-15774068_Australia_2021	A.D.1.1
EPI-ISL-15774017_Australia_2021	A.D.1.1
EPI-ISL-11817072_Australia_2021	A.D.1.1
EPI-ISL-15774021_Australia_2021	A.D.1.1
EPI-ISL-11817043_Australia_2021	A.D.1.1
EPI-ISL-11817065_Australia_2021	A.D.1.1
EPI-ISL-11817021_Australia_2021	A.D.1.1
EPI-ISL-11817078_Australia_2021	A.D.1.1
EPI-ISL-11817041_Australia_2021	A.D.1.1
EPI-ISL-15774031_Australia_2021	A.D.1.1
MZ515688_Spain_2019	A.D.1
MZ515961_Spain_2020	A.D.1
MZ516120_Spain_2019	A.D.1
MZ515773_Spain_2020	A.D.1
MZ515570_Spain_2019	A.D.1
MZ516047_Spain_2019	A.D.1
EPI-ISL-16681337_USA_2022	A.D.1
EPI-ISL-16132360_USA_2022	A.D.1
EPI-ISL-16132341_USA_2022	A.D.1
OQ171909_USA_2022	A.D.1
MZ515803_Netherlands_2019	A.D.1
MZ516068_Netherlands_2019	A.D.1
MZ515811_United-Kingdom_2018	A.D.1
LR699736_United-Kingdom_2018	A.D.1
EPI-ISL-15120782_Morocco_2018	A.D.1
EPI-ISL-16681271_USA_2022	A.D.1
EPI-ISL-16681309_USA_2022	A.D.1
OQ171919_USA_2022	A.D.1
EPI-ISL-15055310_Argentina_2018	A.D.1
EPI-ISL-15055314_Argentina_2018	A.D.1
MZ516002_Spain_2019	A.D.1
MZ515645_United-Kingdom_2019	A.D.1
MZ516040_United-Kingdom_2019	A.D.1
OQ261751_Austria_2022	A.D.1
EPI-ISL-11055746_South-Africa_2021	A.D.1
EPI-ISL-11055759_South-Africa_2021	A.D.1
EPI-ISL-17089183_USA_2020	A.D.1
MZ515784_United-Kingdom_2019	A.D.1
MZ515907_United-Kingdom_2019	A.D.1
MZ515631_Netherlands_2019	A.D.1
MZ515571_United-Kingdom_2020	A.D.1
MZ515614_United-Kingdom_2020	A.D.1
MZ516000_United-Kingdom_2019	A.D.1
MZ515911_United-Kingdom_2019	A.D.1
EPI-ISL-15774056_Australia_2021	A.D.1.2
OM857171_Australia_2020	A.D.1.2
OM857156_Australia_2020	A.D.1.2
OM857174_Australia_2020	A.D.1.2
OM857164_Australia_2020	A.D.1.2
OM857177_Australia_2021	A.D.1.2
OM857176_Australia_2020	A.D.1.2
OM857189_Australia_2021	A.D.1.2
OM857188_Australia_2021	A.D.1.2
OM857155_Australia_2020	A.D.1.2
OM857157_Australia_2020	A.D.1.2
OM857175_Australia_2021	A.D.1.2
OM857140_Australia_2021	A.D.1.2
OM857150_Australia_2020	A.D.1.2
OM857170_Australia_2020	A.D.1.2
OM857152_Australia_2020	A.D.1.2
OM857151_Australia_2020	A.D.1.2
OM857168_Australia_2020	A.D.1.2
EPI-ISL-15774063_Australia_2021	A.D.1.2
OM857160_Australia_2020	A.D.1.2
OM857162_Australia_2020	A.D.1.2
OM857158_Australia_2020	A.D.1.2
OM857159_Australia_2020	A.D.1.2
OM857180_Australia_2020	A.D.1.2
OM857172_Australia_2020	A.D.1.2
OM857197_Australia_2021	A.D.1.2
OM857200_Australia_2020	A.D.1.2
OM857195_Australia_2021	A.D.1.2
EPI-ISL-11055741_South-Africa_2021	A.D.1.3x
EPI-ISL-11055762_South-Africa_2021	A.D.1.3x
EPI-ISL-11055744_South-Africa_2021	A.D.1.3x
EPI-ISL-12529648_South-Africa_2021	A.D.1.3x
EPI-ISL-11055756_South-Africa_2021	A.D.1.3x
EPI-ISL-11055740_South-Africa_2021	A.D.1.3x
EPI-ISL-15774039_Australia_2021	A.D.1.3
EPI-ISL-11817071_Australia_2021	A.D.1.3
EPI-ISL-16959973_New-Zealand_2021	A.D.1.3
EPI-ISL-15774012_Australia_2021	A.D.1.3
EPI-ISL-11817019_Australia_2021	A.D.1.3
EPI-ISL-15774053_Australia_2021	A.D.1.3
EPI-ISL-15774030_Australia_2021	A.D.1.3
EPI-ISL-15774032_Australia_2021	A.D.1.3
EPI-ISL-15774035_Australia_2021	A.D.1.3
EPI-ISL-15774059_Australia_2021	A.D.1.3
EPI-ISL-15774026_Australia_2021	A.D.1.3
EPI-ISL-16959673_New-Zealand_2021	A.D.1.3.1
EPI-ISL-16959685_New-Zealand_2021	A.D.1.3.1
EPI-ISL-16959679_New-Zealand_2021	A.D.1.3.1
EPI-ISL-16959608_New-Zealand_2021	A.D.1.3.1
EPI-ISL-16959681_New-Zealand_2021	A.D.1.3.1
EPI-ISL-16959598_New-Zealand_2021	A.D.1.3.1
EPI-ISL-16959619_New-Zealand_2021	A.D.1.3.1
EPI-ISL-16959711_New-Zealand_2021	A.D.1.3.1
EPI-ISL-16959668_New-Zealand_2021	A.D.1.3.1
EPI-ISL-16959680_New-Zealand_2021	A.D.1.3.1
EPI-ISL-16960070_New-Zealand_2021	A.D.1.3.1
EPI-ISL-16959782_New-Zealand_2021	A.D.1.3.1
EPI-ISL-16960071_New-Zealand_2021	A.D.1.3.1
EPI-ISL-16959564_New-Zealand_2021	A.D.1.3.1
EPI-ISL-16959625_New-Zealand_2021	A.D.1.3.1
EPI-ISL-16959670_New-Zealand_2021	A.D.1.3.1
EPI-ISL-16960013_New-Zealand_2021	A.D.1.3.1
EPI-ISL-16959725_New-Zealand_2021	A.D.1.3.1
EPI-ISL-16959533_New-Zealand_2021	A.D.1.3.1
OM857301_Australia_2020	A.D.1.3.1
OM857303_Australia_2020	A.D.1.3.1
EPI-ISL-11817051_Australia_2021	A.D.1.3.1
EPI-ISL-15774045_Australia_2021	A.D.1.3.1
OM857334_Australia_2020	A.D.1.3.1
OM857299_Australia_2020	A.D.1.3.1
OM857315_Australia_2020	A.D.1.3.1
EPI-ISL-15774046_Australia_2021	A.D.1.3.1
EPI-ISL-11817107_Australia_2021	A.D.1.3.1
OM857325_Australia_2020	A.D.1.3.1
OM857298_Australia_2020	A.D.1.3.1
OM857302_Australia_2020	A.D.1.3.1
OM857304_Australia_2020	A.D.1.3.1
EPI-ISL-11817094_Australia_2021	A.D.1.3.1
EPI-ISL-11817102_Australia_2021	A.D.1.3.1
EPI-ISL-16959676_New-Zealand_2021	A.D.1.3.1
EPI-ISL-16959607_New-Zealand_2021	A.D.1.3.1
EPI-ISL-16960026_New-Zealand_2021	A.D.1.3.1
EPI-ISL-16960010_New-Zealand_2021	A.D.1.3.1
EPI-ISL-11817090_Australia_2021	A.D.1.3.1
OM857332_Australia_2020	A.D.1.3.1
OM857342_Australia_2021	A.D.1.3.1
EPI-ISL-11817104_Australia_2021	A.D.1.3.1
EPI-ISL-11817108_Australia_2021	A.D.1.3.1
OM857338_Australia_2021	A.D.1.3.1
OM857340_Australia_2021	A.D.1.3.1
OM857336_Australia_2021	A.D.1.3.1
EPI-ISL-11817105_Australia_2021	A.D.1.3.1
OM857331_Australia_2020	A.D.1.3.1
EPI-ISL-11817103_Australia_2021	A.D.1.3.1
OM857330_Australia_2020	A.D.1.3.1
OM857335_Australia_2020	A.D.1.3.1
EPI-ISL-11817106_Australia_2021	A.D.1.3.1
EPI-ISL-11817095_Australia_2021	A.D.1.3.1
OM857341_Australia_2021	A.D.1.3.1
OM857337_Australia_2021	A.D.1.3.1
OM857326_Australia_2020	A.D.1.3.1
EPI-ISL-17066821_Australia_2022	A.D.1.3.1
EPI-ISL-16714810_Australia_2022	A.D.1.3.1
EPI-ISL-15896186_Australia_2022	A.D.1.3.1
EPI-ISL-16714760_Australia_2022	A.D.1.3.1
EPI-ISL-15896202_Australia_2022	A.D.1.3.1
EPI-ISL-16714803_Australia_2022	A.D.1.3.1
EPI-ISL-15896160_Australia_2022	A.D.1.3.1
EPI-ISL-15896139_Australia_2022	A.D.1.3.1
EPI-ISL-15896141_Australia_2022	A.D.1.3.1
EPI-ISL-17066784_Australia_2022	A.D.1.3.1
EPI-ISL-17066813_Australia_2022	A.D.1.3.1
EPI-ISL-17066795_Australia_2022	A.D.1.3.1
EPI-ISL-17066817_Australia_2022	A.D.1.3.1
EPI-ISL-15896213_Australia_2022	A.D.1.3.1
EPI-ISL-15896172_Australia_2022	A.D.1.3.1
EPI-ISL-11817045_Australia_2021	A.D.1.3.1
EPI-ISL-11817038_Australia_2021	A.D.1.3.1
EPI-ISL-11817080_Australia_2021	A.D.1.3.1
EPI-ISL-15774050_Australia_2021	A.D.1.3.1
EPI-ISL-11817082_Australia_2021	A.D.1.3.1
OM857333_Australia_2020	A.D.1.3.1
EPI-ISL-16959918_New-Zealand_2021	A.D.1.3.1
OM857295_Australia_2020	A.D.1.3.1
OM857297_Australia_2020	A.D.1.3.1
OM857296_Australia_2020	A.D.1.3.1
OM857323_Australia_2020	A.D.1.3.1
OM857322_Australia_2020	A.D.1.3.1
EPI-ISL-11817027_Australia_2021	A.D.1.3.1
OM857313_Australia_2020	A.D.1.3.1
EPI-ISL-16960118_New-Zealand_2021	A.D.1.3.1
EPI-ISL-16960130_New-Zealand_2021	A.D.1.3.1
EPI-ISL-16960005_New-Zealand_2021	A.D.1.3.1
EPI-ISL-16960025_New-Zealand_2021	A.D.1.3.1
EPI-ISL-16960125_New-Zealand_2021	A.D.1.3.1
EPI-ISL-16960003_New-Zealand_2021	A.D.1.3.1
EPI-ISL-16960024_New-Zealand_2021	A.D.1.3.1
EPI-ISL-16959849_New-Zealand_2021	A.D.1.3.1
EPI-ISL-16959997_New-Zealand_2021	A.D.1.3.1
EPI-ISL-16959783_New-Zealand_2021	A.D.1.3.1
EPI-ISL-16959976_New-Zealand_2021	A.D.1.3.1
EPI-ISL-16960132_New-Zealand_2021	A.D.1.3.1
EPI-ISL-15774060_Australia_2021	A.D.1.3.1
EPI-ISL-15774020_Australia_2021	A.D.1.3.1
OM857317_Australia_2020	A.D.1.3.1
EPI-ISL-15774047_Australia_2021	A.D.1.3.1
EPI-ISL-15774049_Australia_2021	A.D.1.3.1
OM857318_Australia_2020	A.D.1.3.1
EPI-ISL-15774058_Australia_2021	A.D.1.3.1
OM857316_Australia_2020	A.D.1.3.1
EPI-ISL-16959542_New-Zealand_2021	A.D.1.3.1
EPI-ISL-11817097_Australia_2021	A.D.1.3.1
OM857359_Australia_2020	A.D.1.3.1
OM857319_Australia_2020	A.D.1.3.1
OM857320_Australia_2020	A.D.1.3.1
OM857321_Australia_2020	A.D.1.3.1
OM857309_Australia_2020	A.D.1.3.1
OM857312_Australia_2020	A.D.1.3.1
OM857324_Australia_2020	A.D.1.3.1
OM857311_Australia_2020	A.D.1.3.1
OM857344_Australia_2020	A.D.1.3.1
OM857345_Australia_2021	A.D.1.3.1
OM857307_Australia_2020	A.D.1.3.1
OM857294_Australia_2020	A.D.1.3.1
OM857362_Australia_2020	A.D.1.3.1
OM857306_Australia_2020	A.D.1.3.1
OM857347_Australia_2021	A.D.1.3.1
OM857346_Australia_2021	A.D.1.3.1
EPI-ISL-11817066_Australia_2021	A.D.1.3.1
OM857308_Australia_2020	A.D.1.3.1
OM857343_Australia_2020	A.D.1.3.1
EPI-ISL-16959522_New-Zealand_2021	A.D.1.3.1
EPI-ISL-16959979_New-Zealand_2021	A.D.1.3.1
EPI-ISL-16959960_New-Zealand_2021	A.D.1.3.1
EPI-ISL-16959980_New-Zealand_2021	A.D.1.3.1
EPI-ISL-16959999_New-Zealand_2021	A.D.1.3.1
EPI-ISL-16959639_New-Zealand_2021	A.D.1.3.1
EPI-ISL-16959978_New-Zealand_2021	A.D.1.3.1
EPI-ISL-16959981_New-Zealand_2021	A.D.1.3.1
EPI-ISL-16959972_New-Zealand_2021	A.D.1.3.1
EPI-ISL-16959977_New-Zealand_2021	A.D.1.3.1
EPI-ISL-16959961_New-Zealand_2021	A.D.1.3.1
EPI-ISL-16959970_New-Zealand_2021	A.D.1.3.1
EPI-ISL-16959514_New-Zealand_2021	A.D.1.3.1
EPI-ISL-16959806_New-Zealand_2021	A.D.1.3.1
EPI-ISL-16959638_New-Zealand_2021	A.D.1.3.1
EPI-ISL-16959528_New-Zealand_2021	A.D.1.3.1
EPI-ISL-15774015_Australia_2021	A.D.1.3.1
EPI-ISL-16959712_New-Zealand_2021	A.D.1.3.1
EPI-ISL-16959818_New-Zealand_2021	A.D.1.3.1
EPI-ISL-16959856_New-Zealand_2021	A.D.1.3.1
EPI-ISL-16959847_New-Zealand_2021	A.D.1.3.1
EPI-ISL-16959695_New-Zealand_2021	A.D.1.3.1
EPI-ISL-16959530_New-Zealand_2021	A.D.1.3.1
EPI-ISL-11817049_Australia_2021	A.D.1.3.1
EPI-ISL-11817086_Australia_2021	A.D.1.3.1
EPI-ISL-15774013_Australia_2021	A.D.1.3.1
EPI-ISL-15774064_Australia_2021	A.D.1.3.1
EPI-ISL-11817028_Australia_2021	A.D.1.3.1
EPI-ISL-11817032_Australia_2021	A.D.1.3.1
EPI-ISL-11817024_Australia_2021	A.D.1.3.1
EPI-ISL-11817091_Australia_2021	A.D.1.3.1
OM857230_Australia_2020	A.D.1.3.1
OM857231_Australia_2020	A.D.1.3.1
OM857242_Australia_2020	A.D.1.3.1
OM857233_Australia_2020	A.D.1.3.1
EPI-ISL-11817100_Australia_2021	A.D.1.3.1
OM857214_Australia_2020	A.D.1.3.1
OM857355_Australia_2020	A.D.1.3.1
OM857228_Australia_2020	A.D.1.3.1
OM857363_Australia_2021	A.D.1.3.1
OM857229_Australia_2020	A.D.1.3.1
EPI-ISL-15774029_Australia_2021	A.D.1.3.1
OM857264_Australia_2021	A.D.1.3.1
EPI-ISL-15774011_Australia_2021	A.D.1.3.1
EPI-ISL-15774022_Australia_2021	A.D.1.3.1
OM857249_Australia_2020	A.D.1.3.1
OM857227_Australia_2020	A.D.1.3.1
OM857240_Australia_2020	A.D.1.3.1
OM857213_Australia_2020	A.D.1.3.1
EPI-ISL-15774025_Australia_2021	A.D.1.3.1
OM857225_Australia_2020	A.D.1.3.1
OM857216_Australia_2020	A.D.1.3.1
OM857226_Australia_2020	A.D.1.3.1
OM857215_Australia_2020	A.D.1.3.1
OM857218_Australia_2020	A.D.1.3.1
EPI-ISL-16959742_New-Zealand_2021	A.D.1.3.1
EPI-ISL-16959866_New-Zealand_2021	A.D.1.3.1
EPI-ISL-16959858_New-Zealand_2021	A.D.1.3.1
OM857237_Australia_2020	A.D.1.3.1
OM857220_Australia_2020	A.D.1.3.1
OM857224_Australia_2020	A.D.1.3.1
OM857222_Australia_2020	A.D.1.3.1
OM857356_Australia_2021	A.D.1.3.1
OM857223_Australia_2020	A.D.1.3.1
OM857245_Australia_2020	A.D.1.3.1
OM857248_Australia_2020	A.D.1.3.1
OM857244_Australia_2020	A.D.1.3.1
OM857262_Australia_2020	A.D.1.3.1
OM857263_Australia_2021	A.D.1.3.1
EPI-ISL-11817096_Australia_2021	A.D.1.3.1
OM857243_Australia_2020	A.D.1.3.1
OM857250_Australia_2020	A.D.1.3.1
OM857241_Australia_2020	A.D.1.3.1
EPI-ISL-11817099_Australia_2021	A.D.1.3.1
EPI-ISL-11817101_Australia_2021	A.D.1.3.1
EPI-ISL-15774018_Australia_2021	A.D.1.3.1
OM857235_Australia_2020	A.D.1.3.1
OM857236_Australia_2020	A.D.1.3.1
OM857358_Australia_2020	A.D.1.3.1
OM857232_Australia_2020	A.D.1.3.1
OM857239_Australia_2020	A.D.1.3.1
EPI-ISL-11817030_Australia_2021	A.D.1.3.1
EPI-ISL-15774016_Australia_2021	A.D.1.3.1
EPI-ISL-11817088_Australia_2021	A.D.1.3.1
OM857254_Australia_2020	A.D.1.3.1
EPI-ISL-16959923_New-Zealand_2021	A.D.1.3.1
EPI-ISL-16959927_New-Zealand_2021	A.D.1.3.1
EPI-ISL-16959926_New-Zealand_2021	A.D.1.3.1
OM857257_Australia_2021	A.D.1.3.1
OM857256_Australia_2020	A.D.1.3.1
OM857258_Australia_2020	A.D.1.3.1
OM857255_Australia_2021	A.D.1.3.1
OM857259_Australia_2020	A.D.1.3.1
OM857260_Australia_2020	A.D.1.3.1
OM857251_Australia_2020	A.D.1.3.1
OM857252_Australia_2020	A.D.1.3.1
OM857261_Australia_2020	A.D.1.3.1
OM857267_Australia_2021	A.D.1.3.1
OM857360_Australia_2021	A.D.1.3.1
OM857265_Australia_2020	A.D.1.3.1
OM857253_Australia_2020	A.D.1.3.1
OM857234_Australia_2020	A.D.1.3.1
EPI-ISL-15774042_Australia_2021	A.D.1.3.1
EPI-ISL-11817062_Australia_2021	A.D.1.3.1
OM857277_Australia_2020	A.D.1.3.1
OM857353_Australia_2021	A.D.1.3.1
OM857271_Australia_2020	A.D.1.3.1
OM857273_Australia_2020	A.D.1.3.1
OM857282_Australia_2020	A.D.1.3.1
OM857288_Australia_2020	A.D.1.3.1
OM857289_Australia_2020	A.D.1.3.1
OM857270_Australia_2020	A.D.1.3.1
OM857276_Australia_2020	A.D.1.3.1
OM857275_Australia_2020	A.D.1.3.1
OM857352_Australia_2021	A.D.1.3.1
OM857354_Australia_2021	A.D.1.3.1
OM857286_Australia_2020	A.D.1.3.1
EPI-ISL-11817109_Australia_2021	A.D.1.3.1
OM857350_Australia_2020	A.D.1.3.1
OM857279_Australia_2020	A.D.1.3.1
OM857351_Australia_2021	A.D.1.3.1
EPI-ISL-11817020_Australia_2021	A.D.1.3.1
EPI-ISL-15774038_Australia_2021	A.D.1.3.1
OM857283_Australia_2020	A.D.1.3.1
OM857285_Australia_2020	A.D.1.3.1
OM857274_Australia_2020	A.D.1.3.1
OM857280_Australia_2020	A.D.1.3.1
OM857281_Australia_2020	A.D.1.3.1
EPI-ISL-11817056_Australia_2021	A.D.1.3.1
OM857293_Australia_2020	A.D.1.3.1
OM857292_Australia_2020	A.D.1.3.1
OM857291_Australia_2020	A.D.1.3.1
EPI-ISL-16959766_New-Zealand_2021	A.D.1.3.1
EPI-ISL-16960086_New-Zealand_2021	A.D.1.3.1
MH181930_Kenya_2012	A.D
OK649684_USA_2015	A.D
ON237243_Argentina_2014	A.D
MH181922_Kenya_2012	A.D
MH181931_Kenya_2012	A.D
ON237247_Argentina_2015	A.D
ON237250_Argentina_2015	A.D
LR699734_United-Kingdom_2018	A.D
EPI-ISL-6494980_England_2012	A.D
ON237231_Argentina_2014	A.D
EPI-ISL-6494992_England_2013	A.D
EPI-ISL-6494954_England_2012	A.D
EPI-ISL-6494979_England_2012	A.D
MH181924_Kenya_2012	A.D
MF001057_USA_2015	A.D
MK167035_USA_2008	A.D
EPI-ISL-6495004_England_2014	A.D
ON237219_Argentina_2014	A.D
ON237265_Argentina_2015	A.D
EPI-ISL-6494816_England_2016	A.D
EPI-ISL-6494953_England_2012	A.D
MZ516043_Netherlands_2017	A.D
EPI-ISL-15004435_Morocco_2012	A.D
EPI-ISL-15004433_Morocco_2012	A.D
ON237260_Argentina_2015	A.D
ON237261_Argentina_2015	A.D
KY654514_Philippines_2013	A.D
MH279547_China_2017	A.D
MZ221197_China_2018	A.D
OQ261746_Austria_2019	A.D
MZ515840_Netherlands_2017	A.D
MZ221194_China_2018	A.D
ON237277_Argentina_2016	A.D
ON237279_Argentina_2016	A.D
MZ221205_China_2014	A.D
MH447959_Thailand_2017	A.D
MZ221196_China_2014	A.D
MZ221199_China_2018	A.D
EPI-ISL-10914989_Australia_2016	A.D
ON237242_Argentina_2014	A.D
ON237222_Argentina_2014	A.D
ON237229_Argentina_2014	A.D
ON237223_Argentina_2014	A.D
ON237245_Argentina_2014	A.D
ON237258_Argentina_2015	A.D
ON237234_Argentina_2014	A.D
MK749913_Nicaragua_2016	A.D.2
EPI-ISL-6494788_England_2014	A.D.2
ON237272_Argentina_2015	A.D.2
EPI-ISL-16839036_Scotland_2022	A.D.2
MZ515901_Netherlands_2019	A.D.2
MK749912_Nicaragua_2015	A.D.2
EPI-ISL-6494796_England_2014	A.D.2
MZ515709_Netherlands_2020	A.D.2.1
MZ515859_Netherlands_2019	A.D.2.1
MZ516080_Netherlands_2019	A.D.2.1
MZ515701_Netherlands_2019	A.D.2.1
MZ515766_Netherlands_2019	A.D.2.1
MZ515801_Netherlands_2019	A.D.2.1
MZ515898_Netherlands_2019	A.D.2.1
MZ516088_Netherlands_2019	A.D.2.1
MZ515651_Netherlands_2019	A.D.2.1
MZ515696_Netherlands_2019	A.D.2.1
MZ516132_Netherlands_2019	A.D.2.1
MZ516038_Netherlands_2019	A.D.2.1
MZ515877_Netherlands_2019	A.D.2.1
ON237315_Argentina_2017	A.D.2.2
ON237325_Argentina_2017	A.D.2.2
ON237299_Argentina_2017	A.D.2.2
MZ515852_Netherlands_2019	A.D.2.2
ON237304_Argentina_2017	A.D.2.2
ON237301_Argentina_2017	A.D.2.2
ON237302_Argentina_2017	A.D.2.2
ON237305_Argentina_2017	A.D.2.2
ON237340_Argentina_2017	A.D.2.2
EPI-ISL-6494821_England_2016	A.D.2.2
MZ515566_United-Kingdom_2019	A.D.2.2
EPI-ISL-15120681_Morocco_2015	A.D.2.2
EPI-ISL-15120785_Morocco_2019	A.D.2.2
EPI-ISL-6494785_England_2014	A.D.2.2
EPI-ISL-6494806_England_2015	A.D.2.2
EPI-ISL-15120716_Morocco_2016	A.D.2.2
EPI-ISL-6494988_England_2013	A.D.2.2
EPI-ISL-6494809_England_2015	A.D.2.2
ON237333_Argentina_2017	A.D.2.2
ON237335_Argentina_2017	A.D.2.2
ON237322_Argentina_2017	A.D.2.2
ON237321_Argentina_2017	A.D.2.2
ON237311_Argentina_2017	A.D.2.2
ON237327_Argentina_2017	A.D.2.2
ON237356_Argentina_2017	A.D.2.2
MN630100_USA_2016	A.D.2.2
EPI-ISL-15120728_Morocco_2016	A.D.2.2
MH447958_Thailand_2016	A.D.2.2
MZ515740_Netherlands_2019	A.D.2.2
MZ516072_United-Kingdom_2019	A.D.2.2
MZ515833_Netherlands_2018	A.D.2.2
MZ515841_Netherlands_2019	A.D.2.2
MZ515835_Netherlands_2018	A.D.2.2
MZ516053_Netherlands_2018	A.D.2.2
EPI-ISL-6174136_Cote-dIvoire_2019	A.D.2.2
EPI-ISL-5522630_Cote-dIvoire_2019	A.D.2.2
MZ515985_Netherlands_2019	A.D.2.2
MZ515703_Netherlands_2018	A.D.2.2
EPI-ISL-6494811_England_2016	A.D.2.2
EPI-ISL-15120688_Morocco_2015	A.D.2.2
EPI-ISL-15120717_Morocco_2016	A.D.2.2
EPI-ISL-15120689_Morocco_2015	A.D.2.2
EPI-ISL-15120730_Morocco_2016	A.D.2.2
EPI-ISL-6494800_England_2015	A.D.2.2
MZ515939_Netherlands_2017	A.D.2.2
MZ516108_Netherlands_2017	A.D.2.2
EPI-ISL-15120694_Morocco_2016	A.D.2.2
EPI-ISL-15120715_Morocco_2016	A.D.2.2
EPI-ISL-16905447_Morocco_2016	A.D.2.2
EPI-ISL-15120713_Morocco_2016	A.D.2.2
EPI-ISL-15120692_Morocco_2016	A.D.2.2
EPI-ISL-15120783_Morocco_2018	A.D.2.2
EPI-ISL-15120727_Morocco_2016	A.D.2.2
EPI-ISL-15120703_Morocco_2016	A.D.2.2
ON237307_Argentina_2017	A.D.2.2
ON237318_Argentina_2017	A.D.2.2
ON237323_Argentina_2017	A.D.2.2
ON237357_Argentina_2017	A.D.2.2
EPI-ISL-15120774_Morocco_2017	A.D.2.2
ON237339_Argentina_2017	A.D.2.2
ON237253_Argentina_2015	A.D.2.2
ON237297_Argentina_2017	A.D.2.2
ON237300_Argentina_2017	A.D.2.2
ON237310_Argentina_2017	A.D.2.2
ON237324_Argentina_2017	A.D.2.2
EPI-ISL-15120706_Morocco_2016	A.D.2.2
MZ516129_United-Kingdom_2019	A.D.2.2
MH383066_Lebanon_2014	A.D.2.2
EPI-ISL-6494993_England_2013	A.D.2.2
ON237273_Argentina_2015	A.D.2.2
EPI-ISL-15120777_Morocco_2017	A.D.2.2.1
EPI-ISL-15120721_Morocco_2016	A.D.2.2.1
EPI-ISL-15120738_Morocco_2017	A.D.2.2.1
EPI-ISL-15120745_Morocco_2017	A.D.2.2.1
EPI-ISL-15120739_Morocco_2017	A.D.2.2.1
EPI-ISL-15120723_Morocco_2016	A.D.2.2.1
EPI-ISL-15120743_Morocco_2017	A.D.2.2.1
ON237336_Argentina_2017	A.D.2.2.1
ON237345_Argentina_2017	A.D.2.2.1
MZ515559_United-Kingdom_2018	A.D.2.2.1
MZ515905_United-Kingdom_2018	A.D.2.2.1
MK749890_Nicaragua_2016	A.D.2.2.1
MK749893_Nicaragua_2016	A.D.2.2.1
MK749911_Nicaragua_2016	A.D.2.2.1
MK749917_Nicaragua_2016	A.D.2.2.1
MK749886_Nicaragua_2016	A.D.2.2.1
MK749867_Nicaragua_2016	A.D.2.2.1
ON237334_Argentina_2017	A.D.2.2.1
ON237338_Argentina_2017	A.D.2.2.1
MZ515804_Spain_2019	A.D.2.2.2
MZ515851_Spain_2018	A.D.2.2.2
MZ516052_Spain_2019	A.D.2.2.2
MZ516026_Netherlands_2019	A.D.2.2.2
MZ516044_Netherlands_2019	A.D.2.2.2
MZ515609_Spain_2019	A.D.2.2.2
MZ515902_Spain_2018	A.D.2.2.2
MZ515956_Spain_2019	A.D.2.2.2
MZ515887_Spain_2019	A.D.2.2.2
ON237295_Argentina_2017	A.D.2.2.2
EPI-ISL-10954007_England_2017	A.D.2.2.2
EPI-ISL-10954008_England_2017	A.D.2.2.2
LR699737_United-Kingdom_2017	A.D.2.2.2
MZ515575_United-Kingdom_2018	A.D.2.2.2
MZ515909_United-Kingdom_2018	A.D.2.2.2
MZ515850_United-Kingdom_2018	A.D.2.2.2
MZ516028_United-Kingdom_2018	A.D.2.2.2
MZ515569_United-Kingdom_2018	A.D.2.2.2
MZ515921_United-Kingdom_2018	A.D.2.2.2
ON237289_Argentina_2016	A.D.2.2.2
ON237294_Argentina_2016	A.D.2.2.2
OK649683_USA_2014	A.D
ON237281_Argentina_2016	A.D
ON237291_Argentina_2016	A.D
ON237274_Argentina_2016	A.D
ON237280_Argentina_2016	A.D
ON237285_Argentina_2016	A.D
ON237278_Argentina_2016	A.D
ON237286_Argentina_2016	A.D
ON237275_Argentina_2016	A.D
ON237283_Argentina_2016	A.D
ON237284_Argentina_2016	A.D
MH447952_Thailand_2012	A.D
MH447951_Thailand_2011	A.D
MF614947_China_2013	A.D
EPI-ISL-12970405_Philippines_2019	A.D
MH290724_China_2017	A.D
MZ515866_Netherlands_2018	A.D
MN306050_USA_2019	A.D
ON729319_USA_2019	A.D
MZ515641_Netherlands_2018	A.D
MZ515973_Netherlands_2017	A.D
MH447960_Thailand_2017	A.D
MH447957_Thailand_2016	A.D
EPI-ISL-6495001_England_2013	A.D
ON237264_Argentina_2015	A.D
MN630090_USA_2016	A.D
MN630096_USA_2016	A.D
MN630106_USA_2016	A.D
MN630104_USA_2016	A.D
KY654515_Philippines_2012	A.D
KY654517_Philippines_2013	A.D
KY654512_Philippines_2012	A.D
KY654513_Philippines_2013	A.D
KY654518_Philippines_2013	A.D
EPI-ISL-6494792_England_2014	A.D
MW020598_Australia_2017	A.D
MW020599_Australia_2017	A.D
EPI-ISL-12970415_Philippines_2019	A.D
MW020596_Australia_2018	A.D
MW020597_Australia_2018	A.D
EPI-ISL-15120776_Morocco_2017	A.D
EPI-ISL-16905448_Morocco_2016	A.D
EPI-ISL-15120719_Morocco_2016	A.D
EPI-ISL-15120726_Morocco_2016	A.D
MZ515718_Netherlands_2019	A.D
MZ515913_Netherlands_2019	A.D
MZ515800_United-Kingdom_2018	A.D
MZ515802_United-Kingdom_2019	A.D
EPI-ISL-16714809_Australia_2022	A.D.3
EPI-ISL-14039046_Uganda_2021	A.D.3
MZ515666_United-Kingdom_2020	A.D.3
MZ515993_United-Kingdom_2020	A.D.3
MZ516023_United-Kingdom_2020	A.D.3
MN306017_USA_2018	A.D.3
MN306045_USA_2019	A.D.3
MZ515619_Spain_2019	A.D.3
EPI-ISL-11055719_South-Africa_2022	A.D.3
EPI-ISL-11055721_South-Africa_2022	A.D.3
EPI-ISL-11055720_South-Africa_2022	A.D.3
EPI-ISL-11055728_South-Africa_2022	A.D.3
EPI-ISL-12870553_South-Africa_2022	A.D.3
EPI-ISL-11055727_South-Africa_2022	A.D.3
EPI-ISL-12870547_South-Africa_2022	A.D.3
EPI-ISL-16714774_Australia_2022	A.D.3
EPI-ISL-15896178_Australia_2022	A.D.3
EPI-ISL-16132394_USA_2022	A.D.3
OQ261748_Austria_2021	A.D.3
EPI-ISL-16681183_USA_2022	A.D.3
MZ515668_United-Kingdom_2019	A.D.3
EPI-ISL-11055736_South-Africa_2021	A.D.3
EPI-ISL-6174135_Cote-dIvoire_2019	A.D.3
MZ516017_United-Kingdom_2019	A.D.3
EPI-ISL-6268624_China_2021	A.D.3
OK500256_France_2021	A.D.3
MZ515693_Spain_2020	A.D.3
EPI-ISL-16132344_USA_2022	A.D.3
EPI-ISL-16132340_USA_2022	A.D.3
EPI-ISL-16132349_USA_2022	A.D.3
OP890340_USA_2022	A.D.3
EPI-ISL-17066831_Australia_2022	A.D.3
EPI-ISL-16132332_USA_2022	A.D.3
EPI-ISL-16132391_USA_2022	A.D.3
MZ516039_Netherlands_2019	A.D.3
EPI-ISL-12970420_Philippines_2019	A.D.3
MT422271_Russia_2019	A.D.3
EPI-ISL-17104707_Cambodia_2021	A.D.3
MN306029_USA_2019	A.D.3
EPI-ISL-16681311_USA_2022	A.D.3
EPI-ISL-16132378_USA_2022	A.D.3
EPI-ISL-16132356_USA_2022	A.D.3
EPI-ISL-16132364_USA_2022	A.D.3
ON152648_Russia_2021	A.D.3
MZ516112_United-Kingdom_2019	A.D.3
MZ515647_United-Kingdom_2018	A.D.3
MZ516063_United-Kingdom_2018	A.D.3
MZ515692_Spain_2018	A.D.3
MZ515632_Netherlands_2018	A.D.3
MZ515731_Netherlands_2018	A.D.3
MZ515828_Netherlands_2018	A.D.3
MZ516110_Netherlands_2018	A.D.3
MZ515854_United-Kingdom_2019	A.D.3
MZ516027_United-Kingdom_2019	A.D.3
MN306048_USA_2019	A.D.3
MT422269_Russia_2019	A.D.3
MT422270_Russia_2019	A.D.3
MZ151852_Russia_2020	A.D.3
MZ151853_Russia_2020	A.D.3
MZ515752_United-Kingdom_2018	A.D.3
MZ515882_United-Kingdom_2018	A.D.3
MZ515910_United-Kingdom_2019	A.D.3
MZ515923_United-Kingdom_2019	A.D.3
MZ515555_United-Kingdom_2019	A.D.3
MZ515679_United-Kingdom_2020	A.D.3
MZ515723_United-Kingdom_2019	A.D.3
MZ515928_United-Kingdom_2019	A.D.3
EPI-ISL-6268619_China_2020	A.D.3
EPI-ISL-15896171_Australia_2022	A.D.3.1
EPI-ISL-15896166_Australia_2022	A.D.3.1
EPI-ISL-15896195_Australia_2022	A.D.3.1
EPI-ISL-16714786_Australia_2022	A.D.3.1
EPI-ISL-17066802_Australia_2022	A.D.3.1
EPI-ISL-15896181_Australia_2022	A.D.3.1
EPI-ISL-17066819_Australia_2022	A.D.3.1
EPI-ISL-15896199_Australia_2022	A.D.3.1
EPI-ISL-15896168_Australia_2022	A.D.3.1
EPI-ISL-15896189_Australia_2022	A.D.3.1
EPI-ISL-15896222_Australia_2022	A.D.3.1
EPI-ISL-15896198_Australia_2022	A.D.3.1
EPI-ISL-15896188_Australia_2022	A.D.3.1
EPI-ISL-16714770_Australia_2022	A.D.3.1
EPI-ISL-15896169_Australia_2022	A.D.3.1
EPI-ISL-16714780_Australia_2022	A.D.3.1
EPI-ISL-17066777_Australia_2022	A.D.3.1
EPI-ISL-15896176_Australia_2022	A.D.3.1
EPI-ISL-15896187_Australia_2022	A.D.3.1
EPI-ISL-17066824_Australia_2022	A.D.3.1
EPI-ISL-16714800_Australia_2022	A.D.3.1
EPI-ISL-17066793_Australia_2022	A.D.3.1
EPI-ISL-15896183_Australia_2022	A.D.3.1
EPI-ISL-15896143_Australia_2022	A.D.3.1
EPI-ISL-17066788_Australia_2022	A.D.3.1
EPI-ISL-15896194_Australia_2022	A.D.3.1
EPI-ISL-17066828_Australia_2022	A.D.3.1
EPI-ISL-17066833_Australia_2022	A.D.3.1
EPI-ISL-15896175_Australia_2022	A.D.3.1
EPI-ISL-16714747_Australia_2022	A.D.3.1
EPI-ISL-16714749_Australia_2022	A.D.3.1
EPI-ISL-15896203_Australia_2022	A.D.3.1
EPI-ISL-17066776_Australia_2022	A.D.3.1
EPI-ISL-16714745_Australia_2022	A.D.3.1
EPI-ISL-17066827_Australia_2022	A.D.3.1
EPI-ISL-15896294_Australia_2022	A.D.3.1
EPI-ISL-15896152_Australia_2022	A.D.3.1
EPI-ISL-15896149_Australia_2022	A.D.3.1
EPI-ISL-16714791_Australia_2022	A.D.3.1
EPI-ISL-15896148_Australia_2022	A.D.3.1
EPI-ISL-15896162_Australia_2022	A.D.3.1
EPI-ISL-15896144_Australia_2022	A.D.3.1
EPI-ISL-15896234_Australia_2022	A.D.3.1
EPI-ISL-15896145_Australia_2022	A.D.3.1
EPI-ISL-16714797_Australia_2022	A.D.3.1
EPI-ISL-17066834_Australia_2022	A.D.3.1
EPI-ISL-15896179_Australia_2022	A.D.3.1
EPI-ISL-16714795_Australia_2022	A.D.3.1
EPI-ISL-15896167_Australia_2022	A.D.3.1
EPI-ISL-16714789_Australia_2022	A.D.3.1
EPI-ISL-15896211_Australia_2022	A.D.3.1
EPI-ISL-15896158_Australia_2022	A.D.3.1
EPI-ISL-16714781_Australia_2022	A.D.3.1
EPI-ISL-15896170_Australia_2022	A.D.3.1
EPI-ISL-15896218_Australia_2022	A.D.3.1
EPI-ISL-15896159_Australia_2022	A.D.3.1
EPI-ISL-15896182_Australia_2022	A.D.3.1
EPI-ISL-15896151_Australia_2022	A.D.3.1
EPI-ISL-16839035_Scotland_2022	A.D.3.1
MH181933_Kenya_2012	A.D.4
MH181938_Kenya_2012	A.D.4
MH181956_Kenya_2012	A.D.4
MH181974_Kenya_2012	A.D.4
MH182025_Kenya_2014	A.D.4
MH181934_Kenya_2012	A.D.4
MH181982_Kenya_2013	A.D.4
MH181972_Kenya_2012	A.D.4
MH181960_Kenya_2012	A.D.4
MH181977_Kenya_2012	A.D.4
MH181949_Kenya_2012	A.D.4
MH181987_Kenya_2013	A.D.4
MH181911_Kenya_2012	A.D.4
MH181976_Kenya_2012	A.D.4
MH181914_Kenya_2012	A.D.4
EPI-ISL-6494958_England_2012	A.D.4
EPI-ISL-6494970_England_2012	A.D.4
EPI-ISL-6494971_England_2012	A.D.4
EPI-ISL-6494997_England_2013	A.D.4
KY654516_Philippines_2013	A.D.4
EPI-ISL-15120675_Morocco_2014	A.D.4
MH181958_Kenya_2012	A.D.4.1
MH181980_Kenya_2013	A.D.4.1
MH181984_Kenya_2013	A.D.4.1
MH181969_Kenya_2012	A.D.4.1
MH181935_Kenya_2012	A.D.4.1
MH181967_Kenya_2012	A.D.4.1
MH181951_Kenya_2012	A.D.4.1
MH181952_Kenya_2012	A.D.4.1
MH181979_Kenya_2013	A.D.4.1
MH181941_Kenya_2012	A.D.4.1
MH181986_Kenya_2013	A.D.4.1
MH181983_Kenya_2013	A.D.4.1
MH181978_Kenya_2013	A.D.4.1
MH181926_Kenya_2012	A.D.4.1
MH181932_Kenya_2012	A.D.4.1
MH181916_Kenya_2012	A.D.4.1
MH181966_Kenya_2012	A.D.4.1
MH181973_Kenya_2012	A.D.4.1
MH181963_Kenya_2012	A.D.4.1
MH181927_Kenya_2012	A.D.4.1
MH181959_Kenya_2012	A.D.4.1
MH181981_Kenya_2013	A.D.4.1
MH181985_Kenya_2013	A.D.4.1
MH181954_Kenya_2012	A.D.4.1
MH181936_Kenya_2012	A.D.4.1
MH181945_Kenya_2012	A.D.4.1
MH181950_Kenya_2012	A.D.4.1
MH181943_Kenya_2012	A.D.4.1
MH181946_Kenya_2012	A.D.4.1
MH181929_Kenya_2012	A.D.4.1
MH181940_Kenya_2012	A.D.4.1
MH181915_Kenya_2012	A.D.4.1
MH181920_Kenya_2012	A.D.4.1
MH181908_Kenya_2012	A.D.4.1
MH181937_Kenya_2012	A.D.4.1
MH181955_Kenya_2012	A.D.4.1
MH181970_Kenya_2012	A.D.4.1
MH181971_Kenya_2012	A.D.4.1
MH181964_Kenya_2012	A.D.4.1
MH181957_Kenya_2012	A.D.4.1
MH181939_Kenya_2012	A.D.4.1
MH181947_Kenya_2012	A.D.4.1
MH181961_Kenya_2012	A.D.4.1
MH181953_Kenya_2012	A.D.4.1
MH181965_Kenya_2012	A.D.4.1
MH181948_Kenya_2012	A.D.4.1
MH181962_Kenya_2012	A.D.4.1
MH181975_Kenya_2012	A.D.4.1
MH181919_Kenya_2012	A.D.4.1
MH181913_Kenya_2012	A.D.4.1
MH181917_Kenya_2012	A.D.4.1
MH181910_Kenya_2012	A.D.4.1
MH181925_Kenya_2012	A.D.4.1
MH181909_Kenya_2012	A.D.4.1
MH181912_Kenya_2012	A.D.4.1
MH181921_Kenya_2012	A.D.4.1
MH181918_Kenya_2012	A.D.4.1
MH182054_Kenya_2016	A.D.4.2
MH182030_Kenya_2015	A.D.4.2
MH182036_Kenya_2015	A.D.4.2
MH182013_Kenya_2014	A.D.4.2
MH182020_Kenya_2014	A.D.4.2
MH182008_Kenya_2014	A.D.4.2
MH182010_Kenya_2014	A.D.4.2
MH182032_Kenya_2015	A.D.4.2
MH182021_Kenya_2014	A.D.4.2
MH182050_Kenya_2015	A.D.4.2
MH182049_Kenya_2015	A.D.4.2
MH182028_Kenya_2015	A.D.4.2
MH182014_Kenya_2014	A.D.4.2
MH181992_Kenya_2013	A.D.4.2
MH181991_Kenya_2013	A.D.4.2
MH182060_Kenya_2016	A.D.4.2
MH182061_Kenya_2016	A.D.4.2
MH182019_Kenya_2014	A.D.4.2
MH182044_Kenya_2015	A.D.4.2
MH182045_Kenya_2015	A.D.4.2
MH182051_Kenya_2015	A.D.4.2
MH182043_Kenya_2015	A.D.4.2
MH182059_Kenya_2016	A.D.4.2
MH182018_Kenya_2014	A.D.4.2
MH182029_Kenya_2015	A.D.4.2
MH182035_Kenya_2015	A.D.4.2
MH182012_Kenya_2014	A.D.4.2
MH182027_Kenya_2014	A.D.4.2
MH182037_Kenya_2015	A.D.4.2
MH182011_Kenya_2014	A.D.4.2
MH182016_Kenya_2014	A.D.4.2
MH182003_Kenya_2014	A.D.4.2
MH182001_Kenya_2014	A.D.4.2
MH182031_Kenya_2015	A.D.4.2
MH181997_Kenya_2013	A.D.4.2
MH181998_Kenya_2014	A.D.4.2
EPI-ISL-11055715_South-Africa_2021	A.D.4.2.1
EPI-ISL-12529644_South-Africa_2021	A.D.4.2.1
EPI-ISL-11055735_South-Africa_2021	A.D.4.2.1
EPI-ISL-12529634_South-Africa_2021	A.D.4.2.1
EPI-ISL-12529647_South-Africa_2021	A.D.4.2.1
EPI-ISL-11055743_South-Africa_2021	A.D.4.2.1
EPI-ISL-12870543_South-Africa_2022	A.D.4.2.1
EPI-ISL-12870544_South-Africa_2022	A.D.4.2.1
EPI-ISL-11055737_South-Africa_2021	A.D.4.2.1
EPI-ISL-11055718_South-Africa_2022	A.D.4.2.1
EPI-ISL-12529657_South-Africa_2021	A.D.4.2.1
EPI-ISL-12529635_South-Africa_2021	A.D.4.2.1
EPI-ISL-12529638_South-Africa_2021	A.D.4.2.1
EPI-ISL-11055749_South-Africa_2021	A.D.4.2.1
EPI-ISL-12529643_South-Africa_2021	A.D.4.2.1
EPI-ISL-11055742_South-Africa_2021	A.D.4.2.1
EPI-ISL-12529640_South-Africa_2021	A.D.4.2.1
EPI-ISL-12529645_South-Africa_2021	A.D.4.2.1
EPI-ISL-11055716_South-Africa_2021	A.D.4.2.1
EPI-ISL-12529639_South-Africa_2021	A.D.4.2.1
EPI-ISL-12529646_South-Africa_2021	A.D.4.2.1
EPI-ISL-11055738_South-Africa_2021	A.D.4.2.1
EPI-ISL-12529642_South-Africa_2021	A.D.4.2.1
EPI-ISL-11055752_South-Africa_2021	A.D.4.2.1
MZ515682_United-Kingdom_2019	A.D.4.2.1
EPI-ISL-11055717_South-Africa_2021	A.D.4.2.1
EPI-ISL-15120670_Morocco_2014	A.D.4.3x
ON237271_Argentina_2015	A.D.4.3x
EPI-ISL-15120672_Morocco_2014	A.D.4.3x
EPI-ISL-15120671_Morocco_2014	A.D.4.3x
EPI-ISL-15120673_Morocco_2014	A.D.4.3x
EPI-ISL-6494820_England_2016	A.D.4.3x
EPI-ISL-15055315_Argentina_2019	A.D.4.3
EPI-ISL-15055318_Argentina_2019	A.D.4.3
EPI-ISL-15120786_Morocco_2019	A.D.4.3
EPI-ISL-6494822_England_2016	A.D.4.3
EPI-ISL-15120775_Morocco_2017	A.D.4.3
EPI-ISL-15120781_Morocco_2018	A.D.4.3
ON237320_Argentina_2017	A.D.4.3
MZ515782_United-Kingdom_2018	A.D.4.3
EPI-ISL-15120780_Morocco_2018	A.D.4.3
EPI-ISL-12970407_Philippines_2019	A.D.4.3
EPI-ISL-12970409_Philippines_2019	A.D.4.3
EPI-ISL-12970417_Philippines_2019	A.D.4.3
EPI-ISL-12970411_Philippines_2019	A.D.4.3
EPI-ISL-12970421_Philippines_2019	A.D.4.3
EPI-ISL-12970412_Philippines_2019	A.D.4.3
EPI-ISL-12970413_Philippines_2019	A.D.4.3
EPI-ISL-17417579_Philippines_2019	A.D.4.3
EPI-ISL-12970403_Philippines_2019	A.D.4.3
EPI-ISL-12970408_Philippines_2019	A.D.4.3
EPI-ISL-17417584_Philippines_2020	A.D.4.3
MZ515825_Netherlands_2019	A.D.4.3
EPI-ISL-13297850_Belgium_2022	A.D.4.3
MZ515592_Netherlands_2019	A.D.4.3
MZ515884_Netherlands_2019	A.D.4.3
MZ516134_Netherlands_2019	A.D.4.3
MZ515616_Netherlands_2019	A.D.4.3
MZ515780_Netherlands_2019	A.D.4.3
EPI-ISL-6208724_Egypt_2020	A.D.4.3
EPI-ISL-6208725_Egypt_2020	A.D.4.3
EPI-ISL-6208727_Egypt_2020	A.D.4.3
EPI-ISL-16959620_New-Zealand_2021	A.D.4.3
EPI-ISL-12970416_Philippines_2019	A.D.4.3
EPI-ISL-17417581_Philippines_2019	A.D.4.3
EPI-ISL-12970419_Philippines_2019	A.D.4.3
EPI-ISL-17417592_Philippines_2020	A.D.4.3
EPI-ISL-12970414_Philippines_2019	A.D.4.3
EPI-ISL-17417595_Philippines_2019	A.D.4.3
EPI-ISL-17417583_Philippines_2020	A.D.4.3
EPI-ISL-17417598_Philippines_2020	A.D.4.3
EPI-ISL-16839032_Scotland_2022	A.D.4.3
EPI-ISL-16839038_Scotland_2022	A.D.4.3.1x
EPI-ISL-16132363_USA_2022	A.D.4.3.1x
MZ515567_United-Kingdom_2019	A.D.4.3.1x
MZ516012_United-Kingdom_2019	A.D.4.3.1x
EPI-ISL-11055729_South-Africa_2022	A.D.4.3.1
EPI-ISL-11055731_South-Africa_2022	A.D.4.3.1
EPI-ISL-12529637_South-Africa_2021	A.D.4.3.1
EPI-ISL-11055748_South-Africa_2021	A.D.4.3.1
EPI-ISL-11055760_South-Africa_2021	A.D.4.3.1
EPI-ISL-11055726_South-Africa_2022	A.D.4.3.1
EPI-ISL-14769848_South-Africa_2022	A.D.4.3.1
EPI-ISL-11055722_South-Africa_2022	A.D.4.3.1
EPI-ISL-11055753_South-Africa_2021	A.D.4.3.1
EPI-ISL-11055755_South-Africa_2021	A.D.4.3.1
EPI-ISL-11055747_South-Africa_2021	A.D.4.3.1
EPI-ISL-11055768_South-Africa_2022	A.D.4.3.1
EPI-ISL-11055745_South-Africa_2021	A.D.4.3.1
MZ515749_United-Kingdom_2019	A.D.4.3.1x
EPI-ISL-16681284_USA_2022	A.D.4.3.2
EPI-ISL-16132351_USA_2022	A.D.4.3.2
EPI-ISL-16681285_USA_2022	A.D.4.3.2
EPI-ISL-16132339_USA_2022	A.D.4.3.2
EPI-ISL-16681408_USA_2022	A.D.4.3.2
EPI-ISL-16132353_USA_2022	A.D.4.3.2
EPI-ISL-16132404_USA_2022	A.D.4.3.2
EPI-ISL-16132389_USA_2022	A.D.4.3.2
EPI-ISL-16132407_USA_2022	A.D.4.3.2
EPI-ISL-16132397_USA_2022	A.D.4.3.2
EPI-ISL-16132392_USA_2022	A.D.4.3.2
EPI-ISL-16132396_USA_2022	A.D.4.3.2
EPI-ISL-16132408_USA_2022	A.D.4.3.2
EPI-ISL-16132398_USA_2022	A.D.4.3.2
EPI-ISL-16132395_USA_2022	A.D.4.3.2
OP890339_USA_2022	A.D.4.3.2
EPI-ISL-16681259_USA_2022	A.D.4.3.2
EPI-ISL-16681336_USA_2022	A.D.4.3.2
OQ171929_USA_2022	A.D.4.3.2
EPI-ISL-16132361_USA_2022	A.D.4.3.2
EPI-ISL-16132348_USA_2022	A.D.4.3.2
EPI-ISL-16132350_USA_2022	A.D.4.3.2
EPI-ISL-16132334_USA_2022	A.D.4.3.2
EPI-ISL-16132405_USA_2022	A.D.4.3.2
EPI-ISL-16132338_USA_2022	A.D.4.3.2
EPI-ISL-16132390_USA_2022	A.D.4.3.2
OP890338_USA_2022	A.D.4.3.2
EPI-ISL-16132393_USA_2022	A.D.4.3.2
EPI-ISL-16132328_USA_2021	A.D.4.3.2
EPI-ISL-16132403_USA_2022	A.D.4.3.2
EPI-ISL-16132399_USA_2022	A.D.4.3.2
EPI-ISL-16132406_USA_2022	A.D.4.3.2
EPI-ISL-16132377_USA_2022	A.D.4.3.2
EPI-ISL-15055323_Argentina_2021	A.D.4.3.2
EPI-ISL-15055327_Argentina_2021	A.D.4.3.2
EPI-ISL-15055325_Argentina_2021	A.D.4.3.2
EPI-ISL-15055328_Argentina_2021	A.D.4.3.2
EPI-ISL-15750188_France_2021	A.D.4.3.2
EPI-ISL-15750189_France_2021	A.D.4.3.2
EPI-ISL-15750198_France_2021	A.D.4.3.2
EPI-ISL-15750187_France_2021	A.D.4.3.2
EPI-ISL-16132368_USA_2022	A.D.4.3.2
OK500260_France_2021	A.D.4.3.2
EPI-ISL-16132355_USA_2022	A.D.4.3.2
EPI-ISL-16959692_New-Zealand_2021	A.D.4.3.3
EPI-ISL-16960046_New-Zealand_2021	A.D.4.3.3
EPI-ISL-16959743_New-Zealand_2021	A.D.4.3.3
EPI-ISL-16959831_New-Zealand_2021	A.D.4.3.3
EPI-ISL-16959943_New-Zealand_2021	A.D.4.3.3
EPI-ISL-16960099_New-Zealand_2021	A.D.4.3.3
EPI-ISL-16959575_New-Zealand_2021	A.D.4.3.3
EPI-ISL-16959881_New-Zealand_2021	A.D.4.3.3
EPI-ISL-16959617_New-Zealand_2021	A.D.4.3.3
EPI-ISL-16959772_New-Zealand_2021	A.D.4.3.3
EPI-ISL-16959885_New-Zealand_2021	A.D.4.3.3
EPI-ISL-16960064_New-Zealand_2021	A.D.4.3.3
EPI-ISL-16959659_New-Zealand_2021	A.D.4.3.3
EPI-ISL-16959728_New-Zealand_2021	A.D.4.3.3
EPI-ISL-16959750_New-Zealand_2021	A.D.4.3.3
EPI-ISL-16959819_New-Zealand_2021	A.D.4.3.3
EPI-ISL-16959706_New-Zealand_2021	A.D.4.3.3
EPI-ISL-16959751_New-Zealand_2021	A.D.4.3.3
EPI-ISL-16959945_New-Zealand_2021	A.D.4.3.3
EPI-ISL-16959656_New-Zealand_2021	A.D.4.3.3
EPI-ISL-16959661_New-Zealand_2021	A.D.4.3.3
EPI-ISL-16959746_New-Zealand_2021	A.D.4.3.3
EPI-ISL-16960023_New-Zealand_2021	A.D.4.3.3
EPI-ISL-16959820_New-Zealand_2021	A.D.4.3.3
EPI-ISL-16959954_New-Zealand_2021	A.D.4.3.3
EPI-ISL-16959671_New-Zealand_2021	A.D.4.3.3
EPI-ISL-16959846_New-Zealand_2021	A.D.4.3.3
EPI-ISL-16959574_New-Zealand_2021	A.D.4.3.3
EPI-ISL-16959975_New-Zealand_2021	A.D.4.3.3
EPI-ISL-16959648_New-Zealand_2021	A.D.4.3.3
EPI-ISL-16959863_New-Zealand_2021	A.D.4.3.3
EPI-ISL-16959641_New-Zealand_2021	A.D.4.3.3
EPI-ISL-16959643_New-Zealand_2021	A.D.4.3.3
EPI-ISL-16959736_New-Zealand_2021	A.D.4.3.3
EPI-ISL-16959834_New-Zealand_2021	A.D.4.3.3
EPI-ISL-16959720_New-Zealand_2021	A.D.4.3.3
EPI-ISL-16959942_New-Zealand_2021	A.D.4.3.3
EPI-ISL-16959714_New-Zealand_2021	A.D.4.3.3
EPI-ISL-16959534_New-Zealand_2021	A.D.4.3.3
EPI-ISL-16959630_New-Zealand_2021	A.D.4.3.3
EPI-ISL-16960065_New-Zealand_2021	A.D.4.3.3
EPI-ISL-16960050_New-Zealand_2021	A.D.4.3.3
EPI-ISL-16959627_New-Zealand_2021	A.D.4.3.3
EPI-ISL-16960061_New-Zealand_2021	A.D.4.3.3
EPI-ISL-16959871_New-Zealand_2021	A.D.4.3.3
EPI-ISL-16959759_New-Zealand_2021	A.D.4.3.3
EPI-ISL-16960129_New-Zealand_2021	A.D.4.3.3
EPI-ISL-16959758_New-Zealand_2021	A.D.4.3.3
EPI-ISL-16959653_New-Zealand_2021	A.D.4.3.3
EPI-ISL-16960012_New-Zealand_2021	A.D.4.3.3
EPI-ISL-16959757_New-Zealand_2021	A.D.4.3.3
EPI-ISL-16959632_New-Zealand_2021	A.D.4.3.3
EPI-ISL-16959829_New-Zealand_2021	A.D.4.3.3
EPI-ISL-16959567_New-Zealand_2021	A.D.4.3.3
EPI-ISL-16959773_New-Zealand_2021	A.D.4.3.3
EPI-ISL-16959995_New-Zealand_2021	A.D.4.3.3
EPI-ISL-16959700_New-Zealand_2021	A.D.4.3.3
EPI-ISL-16960038_New-Zealand_2021	A.D.4.3.3
EPI-ISL-16959745_New-Zealand_2021	A.D.4.3.3
EPI-ISL-16959665_New-Zealand_2021	A.D.4.3.3
EPI-ISL-16960082_New-Zealand_2021	A.D.4.3.3
EPI-ISL-16959622_New-Zealand_2021	A.D.4.3.3
EPI-ISL-16960111_New-Zealand_2021	A.D.4.3.3
EPI-ISL-16959833_New-Zealand_2021	A.D.4.3.3
EPI-ISL-16959957_New-Zealand_2021	A.D.4.3.3
EPI-ISL-16960048_New-Zealand_2021	A.D.4.3.3
EPI-ISL-16960049_New-Zealand_2021	A.D.4.3.3
EPI-ISL-16960081_New-Zealand_2021	A.D.4.3.3
EPI-ISL-16959603_New-Zealand_2021	A.D.4.3.3
EPI-ISL-16960088_New-Zealand_2021	A.D.4.3.3
EPI-ISL-16959604_New-Zealand_2021	A.D.4.3.3
EPI-ISL-16959710_New-Zealand_2021	A.D.4.3.3
EPI-ISL-16959948_New-Zealand_2021	A.D.4.3.3
EPI-ISL-16959694_New-Zealand_2021	A.D.4.3.3
EPI-ISL-16959883_New-Zealand_2021	A.D.4.3.3
EPI-ISL-16960076_New-Zealand_2021	A.D.4.3.3
EPI-ISL-16959635_New-Zealand_2021	A.D.4.3.3
EPI-ISL-16959722_New-Zealand_2021	A.D.4.3.3
EPI-ISL-16959606_New-Zealand_2021	A.D.4.3.3
EPI-ISL-16959686_New-Zealand_2021	A.D.4.3.3
EPI-ISL-16959886_New-Zealand_2021	A.D.4.3.3
EPI-ISL-16959748_New-Zealand_2021	A.D.4.3.3
EPI-ISL-16959693_New-Zealand_2021	A.D.4.3.3
EPI-ISL-16960011_New-Zealand_2021	A.D.4.3.3
EPI-ISL-16960057_New-Zealand_2021	A.D.4.3.3
EPI-ISL-16959730_New-Zealand_2021	A.D.4.3.3
EPI-ISL-16960047_New-Zealand_2021	A.D.4.3.3
EPI-ISL-16960056_New-Zealand_2021	A.D.4.3.3
EPI-ISL-16959545_New-Zealand_2021	A.D.4.3.3
EPI-ISL-16959727_New-Zealand_2021	A.D.4.3.3
EPI-ISL-16960074_New-Zealand_2021	A.D.4.3.3
EPI-ISL-16959646_New-Zealand_2021	A.D.4.3.3
EPI-ISL-16959690_New-Zealand_2021	A.D.4.3.3
EPI-ISL-16959821_New-Zealand_2021	A.D.4.3.3
EPI-ISL-16959698_New-Zealand_2021	A.D.4.3.3
EPI-ISL-16959905_New-Zealand_2021	A.D.4.3.3
EPI-ISL-16960066_New-Zealand_2021	A.D.4.3.3
EPI-ISL-16959922_New-Zealand_2021	A.D.4.3.3
EPI-ISL-16959571_New-Zealand_2021	A.D.4.3.3
EPI-ISL-16960115_New-Zealand_2021	A.D.4.3.3
EPI-ISL-16959536_New-Zealand_2021	A.D.4.3.3
EPI-ISL-16959832_New-Zealand_2021	A.D.4.3.3
EPI-ISL-16960101_New-Zealand_2021	A.D.4.3.3
EPI-ISL-16959951_New-Zealand_2021	A.D.4.3.3
EPI-ISL-16960037_New-Zealand_2021	A.D.4.3.3
EPI-ISL-16960036_New-Zealand_2021	A.D.4.3.3
EPI-ISL-16959713_New-Zealand_2021	A.D.4.3.3
EPI-ISL-16959548_New-Zealand_2021	A.D.4.3.3
EPI-ISL-16959682_New-Zealand_2021	A.D.4.3.3
EPI-ISL-16959609_New-Zealand_2021	A.D.4.3.3
EPI-ISL-16960062_New-Zealand_2021	A.D.4.3.3
EPI-ISL-16960114_New-Zealand_2021	A.D.4.3.3
EPI-ISL-16959702_New-Zealand_2021	A.D.4.3.3
EPI-ISL-16960084_New-Zealand_2021	A.D.4.3.3
EPI-ISL-16959835_New-Zealand_2021	A.D.4.3.3
EPI-ISL-16959688_New-Zealand_2021	A.D.4.3.3
EPI-ISL-16959500_New-Zealand_2021	A.D.4.3.3
EPI-ISL-16960045_New-Zealand_2021	A.D.4.3.3
EPI-ISL-16959667_New-Zealand_2021	A.D.4.3.3
EPI-ISL-16959953_New-Zealand_2021	A.D.4.3.3
EPI-ISL-16959591_New-Zealand_2021	A.D.4.3.3
EPI-ISL-16959683_New-Zealand_2021	A.D.4.3.3
EPI-ISL-16959764_New-Zealand_2021	A.D.4.3.3
EPI-ISL-16960131_New-Zealand_2021	A.D.4.3.3
EPI-ISL-16959731_New-Zealand_2021	A.D.4.3.3
EPI-ISL-16960039_New-Zealand_2021	A.D.4.3.3
EPI-ISL-16960059_New-Zealand_2021	A.D.4.3.3
EPI-ISL-16960085_New-Zealand_2021	A.D.4.3.3
EPI-ISL-16959584_New-Zealand_2021	A.D.4.3.3
EPI-ISL-16959674_New-Zealand_2021	A.D.4.3.3
EPI-ISL-16959889_New-Zealand_2021	A.D.4.3.3
EPI-ISL-16959767_New-Zealand_2021	A.D.4.3.3
EPI-ISL-16960073_New-Zealand_2021	A.D.4.3.3
EPI-ISL-16959946_New-Zealand_2021	A.D.4.3.3
EPI-ISL-16960008_New-Zealand_2021	A.D.4.3.3
EPI-ISL-16959576_New-Zealand_2021	A.D.4.3.3
EPI-ISL-16959778_New-Zealand_2021	A.D.4.3.3
EPI-ISL-16960152_New-Zealand_2021	A.D.4.3.3
EPI-ISL-16959655_New-Zealand_2021	A.D.4.3.3
EPI-ISL-16959719_New-Zealand_2021	A.D.4.3.3
EPI-ISL-16959949_New-Zealand_2021	A.D.4.3.3
EPI-ISL-16959666_New-Zealand_2021	A.D.4.3.3
EPI-ISL-16959776_New-Zealand_2021	A.D.4.3.3
EPI-ISL-16960055_New-Zealand_2021	A.D.4.3.3